admin_code,admin_name,river_name,width_class,width_proxy_m,area_m2,perimeter_m,source_record_count,latest_notice_date,center_lon,center_lat
43110,청주시,가락천,wide,16.91,22066.49,2610.6,1,,127.3848393,36.6683864
43110,청주시,가마천,medium,12.91,22941.41,3554.62,1,,127.4639128,36.5965585
43110,청주시,가양천,medium,11.84,24638.44,4160.43,1,,127.6143254,36.6674999
43110,청주시,가좌천남이면,medium,13.05,22482.8,3445.27,1,,127.4638639,36.5723727
43110,청주시,가좌천오창읍,medium,12.7,20557.01,3236.96,1,,127.3582003,36.7391243
43110,청주시,가중천,wide,25.67,112395.03,8755.39,1,,127.4822263,36.5800579
43110,청주시,가중천구역(연락처: 하천방재과 043-201-2943),narrow,3.54,1817.26,1028.01,1,,127.4722855,36.568134
43110,청주시,각리천,wide,49.63,141229.82,5691.78,1,,127.4239214,36.6943448
43110,청주시,갈골천,medium,12.18,16399.11,2692.3,1,,127.4312588,36.5068456
43110,청주시,계원천,wide,22.92,61934.17,5404.49,1,,127.7483277,36.6024746
43110,청주시,고락동천,wide,17.12,29610.68,3460.17,1,,127.4053618,36.6493554
43110,청주시,고은천,medium,15.39,29013.38,3770.62,1,,127.5206411,36.5662852
43110,청주시,공북천,medium,12.61,13202.95,2093.62,1,,127.3057006,36.6430053
43110,청주시,관정천,medium,13.14,27369.47,4166.25,1,,127.6374249,36.6266631
43110,청주시,광암천,wide,19.92,61939.71,6218.26,1,,127.5567155,36.7500968
43110,청주시,구방천,medium,10.26,16212.73,3159.17,1,,127.7061212,36.6825927
43110,청주시,국사천,wide,16.68,28027.44,3360.6,1,20230927,127.3955411,36.6814889
43110,청주시,궁현천,medium,11.96,12417.52,2077.05,1,,127.3706521,36.5833232
43110,청주시,귀래천,wide,16.93,33256.92,3929.03,1,,127.6276599,36.6323931
43110,청주시,금거천,wide,32.76,137433.18,8391.21,1,,127.596789,36.569652
43110,청주시,금계천,wide,16.69,54521.56,6533.42,1,,127.3770067,36.6892473
43110,청주시,금계천구역(연락처 : 하천방재과 043-201-2943),narrow,4.9,10419.37,4252.75,1,,127.356387,36.687057
43110,청주시,금관천,medium,12.82,46999.52,7334.85,1,,127.7242985,36.6330104
43110,청주시,금대천,medium,9.2,9581.96,2082.39,2,,127.5781841,36.7668927
43110,청주시,금성천,wide,17.72,20481.55,2312.24,1,,127.3280915,36.6869889
43110,청주시,기암천,wide,21.15,85342.45,8070.03,1,,127.6091775,36.6624997
43110,청주시,낙가천,wide,19.48,50167.89,5151.19,1,,127.5109336,36.6185536
43110,청주시,남계천,wide,23.34,93724.39,8031.54,1,,127.4965968,36.5486076
43110,청주시,내산천,medium,11.57,18918.6,3271.24,1,,127.6611293,36.6489781
43110,청주시,내산천구역(연락처: 하천방재과 043-201-2943),narrow,4.62,11687.66,5062.15,1,,127.6585904,36.6462234
43110,청주시,내추천,wide,27.66,95740.32,6921.45,1,,127.5473001,36.7454923
43110,청주시,노산천,wide,19.4,37025.81,3817.5,1,,127.4509585,36.4602438
43110,청주시,노현천,medium,12.62,18137.94,2875.3,1,,127.5356666,36.5108445
43110,청주시,다락천,medium,15.35,24034.45,3130.86,1,,127.3565332,36.6030687
43110,청주시,담안천,narrow,6.13,9579.83,3124.85,1,,127.4228419,36.5479709
43110,청주시,당산천,medium,10.84,8074.98,1490.0,1,,127.36004,36.6017079
43110,청주시,대덕천,medium,13.92,11786.84,1693.82,1,,127.6784639,36.7055307
43110,청주시,대련천,medium,11.71,20019.3,3420.26,1,,127.4467662,36.5799759
43110,청주시,대장작골천,medium,10.35,19902.84,3846.84,1,,127.3300577,36.6514424
43110,청주시,도림골천,wide,16.19,25490.07,3148.53,1,,127.320279,36.6534876
43110,청주시,도원천,medium,15.74,10478.4,1331.7,1,,127.4685547,36.5309533
43110,청주시,도장골천,wide,17.91,19031.55,2125.25,1,,127.3835939,36.6096864
43110,청주시,동림천,wide,28.85,69527.37,4819.51,1,,127.3257227,36.6770854
43110,청주시,두모천,wide,20.72,20458.32,1974.63,1,,127.4691791,36.5162785
43110,청주시,두산천,medium,11.48,14664.61,2555.7,1,,127.5321062,36.5576759
43110,청주시,마동천,medium,14.42,29340.04,4068.44,1,,127.5449178,36.5013147
43110,청주시,무성천,medium,12.3,15246.65,2479.54,1,,127.5688699,36.6424711
43110,청주시,묵정천,medium,12.64,20474.0,3238.71,1,,127.6306446,36.6119886
43110,청주시,문주천,narrow,3.07,1608.52,1048.6,1,,127.5575004,36.586378
43110,청주시,미천천,medium,15.16,24807.7,3273.56,1,,127.4940054,36.5243318
43110,청주시,백운천,medium,15.03,12040.46,1602.01,1,,127.5269124,36.6065104
43110,청주시,백현천,narrow,8.15,5083.93,1247.98,1,,127.3659525,36.7220098
43110,청주시,병암천,wide,15.87,19508.29,2458.51,1,,127.5758007,36.5763687
43110,청주시,복현천,medium,12.65,29086.81,4597.0,1,,127.4391673,36.747352
43110,청주시,부량천,narrow,7.7,7640.91,1985.73,1,,127.3647849,36.5816514
43110,청주시,부연천,wide,21.62,58317.32,5395.65,1,,127.5461253,36.7398537
43110,청주시,불목이천,medium,11.06,13793.13,2493.94,1,,127.4263904,36.5144601
43110,청주시,비상천,wide,22.68,39811.02,3510.52,1,,127.5759958,36.7094522
43110,청주시,비중천,wide,21.18,70869.64,6692.35,1,,127.5824061,36.7158672
43110,청주시,사정천,wide,25.88,43857.16,3389.48,1,,127.3148789,36.7184608
43110,청주시,산남천,medium,14.33,20149.13,2811.99,1,,127.4699424,36.6100718
43110,청주시,산덕천,medium,15.48,42192.12,5450.82,1,,127.5215739,36.4914693
43110,청주시,산막천,medium,14.79,59536.62,8049.46,1,,127.3998191,36.5555458
43110,청주시,산성천,narrow,8.46,5043.51,1192.79,1,,127.5128746,36.6594682
43110,청주시,삼항천,wide,18.69,57871.41,6192.92,1,,127.5113803,36.5350448
43110,청주시,상검천,medium,14.36,11934.38,1661.86,1,,127.5829521,36.5788966
43110,청주시,상발천,wide,18.61,78252.62,8408.6,1,,127.3865796,36.5772503
43110,청주시,상봉천,wide,18.42,37101.45,4028.73,1,,127.2935356,36.6445279
43110,청주시,상야천,wide,16.09,18426.58,2290.47,1,,127.5715176,36.5857062
43110,청주시,상정천,wide,40.06,165213.04,8248.95,1,,127.3376427,36.647869
43110,청주시,상정천구역(연락처 : 하천방재과 043-201-2943),narrow,5.87,4048.36,1378.97,1,20211001,127.3197556,36.6457351
43110,청주시,새말천,wide,39.94,39901.58,1998.26,1,,127.4151015,36.6869518
43110,청주시,새터말천,wide,26.06,63398.65,4865.22,1,,127.673009,36.6291842
43110,청주시,서당천,wide,19.19,35578.9,3708.53,1,,127.5529512,36.7282751
43110,청주시,서원천,wide,15.82,13293.34,1680.61,1,,127.5455695,36.55105
43110,청주시,서촌천,wide,25.31,91951.08,7266.23,1,,127.3973978,36.6483036
43110,청주시,석성천,wide,29.09,85152.17,5854.66,1,,127.5250778,36.7606769
43110,청주시,선동천,medium,13.05,17501.86,2682.48,1,,127.42178,36.4904889
43110,청주시,선암천,medium,12.11,24303.23,4014.64,1,,127.5883402,36.7342326
43110,청주시,성산천,wide,22.82,99265.89,8698.94,1,,127.4171226,36.7332951
43110,청주시,성재천,wide,34.5,145555.4,8437.29,1,,127.3544601,36.7330546
43110,청주시,세교천,medium,11.78,8883.66,1508.02,1,,127.5630417,36.7129374
43110,청주시,소로천,wide,18.2,33767.21,3711.11,1,,127.4057248,36.6894476
43110,청주시,소장작골천,medium,10.63,9512.71,1790.33,1,,127.3246594,36.6481738
43110,청주시,소전천,narrow,8.42,14621.27,3471.19,1,,127.5355843,36.4565442
43110,청주시,송암천,medium,10.51,20329.96,3868.71,1,,127.5225897,36.594972
43110,청주시,송정천,wide,17.59,49182.55,5591.03,1,,127.5700034,36.7651984
43110,청주시,수곡천,wide,15.98,13363.69,1673.03,1,,127.5651898,36.5622553
43110,청주시,수대천,medium,11.65,14487.73,2486.81,1,,127.451656,36.5733489
43110,청주시,수락천,medium,13.26,16389.03,2472.1,1,,127.3425468,36.702132
43110,청주시,수절천,medium,13.29,8696.92,1308.84,1,,127.3894357,36.6093023
43110,청주시,쉿골천,medium,9.22,4835.19,1049.01,1,,127.4308132,36.5503162
43110,청주시,시동천,wide,18.64,58689.81,6297.93,1,,127.4288307,36.4931942
43110,청주시,시동천가덕면,medium,13.39,14121.52,2109.49,1,,127.5685608,36.5678261
43110,청주시,시목천,medium,9.21,6261.8,1359.22,1,,127.4144079,36.4902263
43110,청주시,신송천,medium,12.85,38933.14,6057.73,1,,127.4956412,36.5794656
43110,청주시,신촌천,medium,11.53,13644.05,2367.5,1,,127.4960503,36.5202837
43110,청주시,쌍수천,wide,25.06,30533.34,2437.01,1,,127.5059846,36.5749402
43110,청주시,쌍이천,wide,18.83,42208.45,4484.17,1,,127.6811631,36.6497291
43110,청주시,아랫정골천,medium,10.28,12413.27,2413.95,1,,127.4103739,36.4680956
43110,청주시,안가천,medium,9.53,11429.26,2398.23,1,,127.4563184,36.5821826
43110,청주시,양택이천,wide,23.49,26327.34,2241.58,1,,127.4079084,36.6130557
43110,청주시,여천천,medium,11.63,23108.36,3973.28,1,,127.4937834,36.7685486
43110,청주시,연제천,medium,13.5,30688.43,4546.42,1,,127.3109696,36.6378557
43110,청주시,염티천,wide,15.79,18755.53,2375.7,1,,127.5289359,36.4723839
43110,청주시,옥화천,wide,17.68,35431.22,4007.01,1,,127.6977117,36.6255504
43110,청주시,외하천,wide,52.3,23206.31,887.41,1,,127.4824359,36.7152705
43110,청주시,우록천,wide,16.77,27391.92,3266.55,1,,127.4396529,36.5021781
43110,청주시,우산천,wide,18.76,25987.9,2770.6,1,,127.5943619,36.7175844
43110,청주시,운교천,wide,16.36,35579.92,4349.81,1,,127.690908,36.697739
43110,청주시,운용천,wide,26.92,73896.47,5489.38,1,,127.6713697,36.683085
43110,청주시,원가천,medium,10.71,10780.79,2013.73,1,,127.3828707,36.7377828
43110,청주시,원동천,wide,17.01,23271.04,2736.34,1,,127.5679936,36.5989064
43110,청주시,원리천,medium,12.54,31346.69,5000.35,1,,127.4550152,36.7584067
43110,청주시,원통천,medium,15.66,14754.19,1884.62,1,,127.5197201,36.7130925
43110,청주시,월곡천,medium,11.77,15936.14,2708.45,1,,127.3678681,36.6153617
43110,청주시,월용천,wide,22.5,66867.84,5944.8,1,,127.7152587,36.6294543
43110,청주시,유매천,medium,10.78,25131.22,4663.82,1,,127.4226817,36.5428341
43110,청주시,유암천,wide,19.36,23546.08,2432.45,1,,127.5415117,36.4837975
43110,청주시,은골천,medium,10.76,8188.23,1521.68,1,,127.4355093,36.5529396
43110,청주시,은득골천,medium,11.57,16204.14,2802.23,1,,127.5734109,36.7021933
43110,청주시,은행천,medium,10.29,7979.42,1551.47,1,,127.5504732,36.5687688
43110,청주시,음지천,medium,10.69,12046.97,2253.85,1,,127.4372525,36.5383112
43110,청주시,이목천,wide,20.87,35515.96,3404.08,1,,127.5893512,36.6211411
43110,청주시,인차천,wide,21.9,59999.3,5478.43,1,,127.5624507,36.5511437
43110,청주시,장동천,wide,34.91,114703.5,6571.0,1,,127.3262658,36.6923526
43110,청주시,저산천,wide,16.51,13744.51,1665.09,1,,127.3542294,36.5635477
43110,청주시,종암천,wide,16.33,36850.14,4513.31,1,,127.6298019,36.6967384
43110,청주시,주정천,medium,14.12,13845.36,1961.33,1,,127.5688322,36.7628657
43110,청주시,주중천,medium,13.16,15439.16,2345.71,1,,127.4904503,36.678167
43110,청주시,죽암천,wide,18.95,52768.92,5569.54,1,,127.4478254,36.5287618
43110,청주시,중리천,medium,14.66,32458.97,4427.21,1,,127.6839234,36.6594172
43110,청주시,중삼천,medium,14.77,59082.15,7997.74,1,,127.4134947,36.5089421
43110,청주시,중삼천구역(연락처: 하천방재과 043-201-2943),narrow,4.65,7448.04,3206.06,1,20211001,127.4148809,36.5185617
43110,청주시,중척천,narrow,8.54,13328.02,3121.76,1,,127.4071319,36.4760498
43110,청주시,지산천,wide,16.32,39530.89,4844.76,1,,127.5829665,36.6283677
43110,청주시,차드래기천,wide,17.42,24688.66,2835.06,1,,127.4599227,36.5055368
43110,청주시,창말천 남이면,medium,9.43,16407.84,3480.03,1,,127.4170298,36.5306322
43110,청주시,창말천내수읍,medium,13.17,11306.54,1716.5,1,,127.5275188,36.6896114
43110,청주시,척북천,medium,14.46,31941.41,4419.25,1,,127.4299773,36.5656355
43110,청주시,척산천,medium,15.34,17937.24,2338.84,1,,127.4566352,36.5528599
43110,청주시,초정천,wide,18.63,57425.28,6164.02,1,,127.5828694,36.7183588
43110,청주시,탑연천,wide,17.21,20009.57,2325.82,1,,127.3613663,36.6161218
43110,청주시,탑전천,wide,17.44,33672.87,3861.21,1,,127.53283,36.6881287
43110,청주시,태성천,wide,29.12,209982.69,14424.3,1,,127.3701374,36.5897747
43110,청주시,하석천,wide,19.91,76729.33,7706.49,1,,127.4590481,36.4739738
43110,청주시,학천천,medium,11.63,17681.6,3041.11,1,,127.3814179,36.6276661
43110,청주시,행정천,wide,24.32,103296.2,8494.32,1,,127.5440994,36.5383803
43110,청주시,향동천,medium,9.17,14429.29,3147.53,1,,127.6908141,36.6768901
43110,청주시,현암천,wide,19.63,40507.81,4126.94,1,,127.3895303,36.5932636
43110,청주시,형동천,wide,25.4,83812.01,6598.34,1,,127.5647298,36.7015664
43110,청주시,호죽천,medium,14.88,15342.82,2062.09,1,,127.3627512,36.6966705
43110,청주시,화당천,medium,13.61,10402.97,1528.24,1,,127.4927433,36.5493213
43110,청주시,화산천,wide,28.6,112030.8,7834.97,1,,127.3781461,36.71175
43110,청주시,화원천,wide,24.43,90238.86,7386.24,1,,127.6583505,36.6874226
43110,청주시,황청천,wide,20.24,20766.95,2052.56,1,,127.56044,36.5923681
43110,청주시,효촌천,wide,21.03,79058.46,7519.84,1,,127.5119884,36.5899366
43110,청주시,후곡천,medium,10.6,6772.77,1277.88,1,,127.5128532,36.4419187
43110,청주시,휴암천,wide,19.78,25880.6,2617.22,1,,127.4037424,36.6165584
43130,충주시,고든골천,medium,12.5,16114.32,2577.46,1,20211118,127.9589073,36.9444232
43130,충주시,단월천,wide,21.0,26063.23,2482.79,1,20211118,127.9044045,36.9525299
43130,충주시,대소강천,wide,20.6,43444.4,4217.72,1,20211118,127.9702073,37.0985416
43130,충주시,서대천,wide,21.62,25701.25,2377.7,1,20211118,128.019596,37.0706573
43130,충주시,원탄방천,medium,11.22,9458.2,1686.39,1,20211118,127.946182,37.0974665
43130,충주시,탄방천,wide,16.38,31441.37,3840.14,1,20211118,127.9443032,37.0942067
43150,제천시,가느실천,narrow,8.17,10471.69,2562.05,1,20181214,128.2294197,36.9210854
43150,제천시,가래골천,medium,13.12,15777.08,2404.49,1,20181214,128.305928,37.1999385
43150,제천시,가산골천,medium,9.37,8074.23,1723.2,1,20181214,128.0899004,37.0571032
43150,제천시,가산절천,medium,10.81,7054.81,1305.23,1,20181214,128.0978619,37.060996
43150,제천시,가정천,wide,20.99,60818.08,5795.57,1,20211231,127.9992167,37.1456402
43150,제천시,갈경이천,medium,9.07,11891.92,2621.89,1,20181214,128.1529722,37.0980896
43150,제천시,갈리무정천,narrow,8.26,17857.67,4321.62,1,20181214,128.1358466,36.9447757
43150,제천시,강제천,wide,21.8,94228.46,8643.16,1,20181214,128.2004638,37.1097355
43150,제천시,갚으실천,narrow,6.25,7571.41,2424.75,1,20181214,128.2010245,37.0727564
43150,제천시,개골천,medium,14.42,33928.37,4704.51,1,20181214,128.1949848,37.0609634
43150,제천시,개화천,wide,27.14,85613.0,6308.76,1,20211231,128.2395248,37.1192494
43150,제천시,거문골천,wide,21.42,26662.67,2489.09,1,20181214,128.0064786,37.2194598
43150,제천시,계란천,medium,15.12,61767.63,8171.1,1,20181214,128.2179775,36.9192476
43150,제천시,고모동천,medium,15.65,25749.55,3291.33,1,20181214,128.1499797,37.1263747
43150,제천시,고목천,medium,13.97,12400.94,1774.89,1,20181214,128.1805903,36.8896282
43150,제천시,고산동천,narrow,8.49,7312.71,1722.64,1,20181214,128.1392137,37.126389
43150,제천시,곡현천,narrow,6.47,11357.1,3513.17,1,20181214,128.1447166,36.9180685
43150,제천시,골말천,medium,15.48,31072.17,4013.92,1,20181214,128.0173058,37.1540493
43150,제천시,골미천,wide,19.85,67917.85,6843.23,1,20181214,128.0615373,36.8589505
43150,제천시,골안천,medium,13.39,24714.2,3690.9,1,20181214,128.2920454,37.1844727
43150,제천시,곰바우천,narrow,7.91,9288.59,2349.5,1,20181214,128.1790545,37.0395603
43150,제천시,공재천,medium,13.85,25530.83,3685.76,1,20181214,127.9829809,37.1600503
43150,제천시,공전천,wide,31.63,109136.92,6900.2,1,20181214,128.0661065,37.1201856
43150,제천시,교촌천,medium,11.83,15594.26,2637.39,1,20181214,128.2367392,37.2198361
43150,제천시,구곡천,medium,8.99,15862.41,3528.6,1,,128.1835315,36.9489078
43150,제천시,구례골천,medium,12.15,10327.45,1700.46,1,20181214,128.076674,36.8804918
43150,제천시,구학천,wide,18.01,67488.01,7493.38,1,20181214,128.0208618,37.2077208
43150,제천시,굴탄천,wide,19.94,117576.39,11790.5,2,20211231,128.154058,37.113209
43150,제천시,기소골천,medium,10.06,27807.66,5526.77,1,20181214,128.1180496,37.0578504
43150,제천시,깊은골천,medium,10.99,11691.07,2128.49,1,20181214,128.2870394,37.1958547
43150,제천시,꼴미천,medium,12.81,16143.28,2521.04,1,20181214,127.9979708,37.1661676
43150,제천시,나랭1천,medium,12.89,9563.24,1483.82,1,20181214,128.2074411,37.240268
43150,제천시,나실천,medium,10.5,19914.36,3794.1,1,20181214,128.1452687,36.8989273
43150,제천시,내동천,narrow,7.84,6244.23,1592.91,1,20181214,128.2184903,36.941368
43150,제천시,내리천,narrow,8.52,16429.1,3856.61,1,20181214,128.1790935,36.9279961
43150,제천시,넓은내천,wide,18.0,12126.01,1347.58,1,20181214,128.156028,36.8836956
43150,제천시,논골천,wide,29.0,184278.64,12710.26,1,20211231,128.1034844,37.0931749
43150,제천시,느쟁이천,medium,10.38,16016.67,3084.59,1,20181214,128.1879678,37.1053188
43150,제천시,늘목천,medium,11.07,5683.01,1026.98,1,20181214,128.1112664,37.1883318
43150,제천시,다락골천,medium,14.61,79508.84,10882.1,1,20181214,128.1333832,37.0531078
43150,제천시,단지실천,narrow,7.34,8912.94,2430.07,1,20181214,128.2289777,36.895792
43150,제천시,달농실천,medium,9.47,22418.13,4734.51,1,20181214,128.1604388,36.9010599
43150,제천시,당곡천,medium,14.64,17825.75,2434.88,1,20181214,128.2988809,37.2094053
43150,제천시,대동천,medium,12.28,17752.86,2890.26,1,20181214,128.2185565,36.8746654
43150,제천시,대량천,medium,14.35,52508.15,7318.59,1,20181214,128.2487228,37.0979569
43150,제천시,대미론천,medium,11.23,9773.25,1740.05,1,20181214,128.1618521,37.1604833
43150,제천시,대사창천,narrow,7.1,8188.92,2308.19,1,20181214,128.1481888,37.0698064
43150,제천시,대사천,medium,14.65,58139.53,7938.42,1,20211231,128.1626173,37.067723
43150,제천시,대장천,medium,9.11,26316.64,5776.05,1,20181214,128.2340234,37.069171
43150,제천시,대전천,medium,11.56,41115.01,7113.6,1,20181214,128.2344462,36.8969972
43150,제천시,대호지천,medium,12.85,10609.61,1651.76,1,20181214,127.9439874,37.1762911
43150,제천시,댓골천,narrow,8.12,4981.74,1227.5,1,20181214,128.1107713,37.1746836
43150,제천시,덕주골천,wide,25.23,34523.91,2736.9,1,20181214,128.0898981,36.8626819
43150,제천시,도기천,medium,9.38,16468.71,3511.75,1,20181214,128.2285983,36.878415
43150,제천시,도장골천,medium,12.21,26198.21,4292.52,1,20181214,128.1252399,37.1125039
43150,제천시,도전천,medium,10.75,10195.4,1896.21,1,20181214,128.1834724,36.9564078
43150,제천시,독가촌천,medium,15.37,49946.36,6500.66,1,20181214,127.9984655,37.2338038
43150,제천시,독바우천,narrow,7.1,7374.64,2076.88,1,20181214,128.193223,37.0785649
43150,제천시,독중말천,medium,13.82,8676.62,1255.83,1,20181214,128.2314574,37.2158074
43150,제천시,돌모루천,wide,18.13,71380.26,7874.47,1,20211231,128.154058,37.113209
43150,제천시,동막천,medium,12.67,21679.66,3423.02,1,20181214,128.2145866,37.1841454
43150,제천시,동산말천,medium,11.19,5944.54,1062.6,1,20181214,128.1907687,37.1578727
43150,제천시,둔전골천,medium,13.3,23549.53,3540.21,1,20211231,128.2270014,37.1702972
43150,제천시,마곡천,medium,12.6,15971.14,2534.92,1,20181214,128.1172132,37.088846
43150,제천시,마골천,medium,13.25,29539.32,4459.62,1,20211231,128.2451929,37.1238447
43150,제천시,마산천,medium,11.03,11363.67,2060.14,1,20181214,128.1140247,37.1420384
43150,제천시,망월천,narrow,6.95,6159.37,1771.43,1,20181214,128.2060192,37.1165191
43150,제천시,매골천,wide,20.4,65384.89,6411.6,1,20181214,128.135077,37.1717811
43150,제천시,매차골천,narrow,7.27,8127.47,2236.78,1,20181214,128.1594782,36.944716
43150,제천시,명암천,wide,27.88,122724.05,8802.7,1,20181214,128.1440607,37.1914164
43150,제천시,모정천,medium,11.16,14408.56,2583.03,1,20181214,128.0342741,37.1361901
43150,제천시,목우동천,medium,9.89,7785.94,1574.5,1,20181214,128.1396257,37.1928932
43150,제천시,몰골천,medium,9.95,7647.96,1537.23,1,20181214,128.200908,37.0998526
43150,제천시,무덤실천,medium,10.78,15642.16,2902.26,1,20181214,128.2267258,37.1638547
43150,제천시,박달재천,wide,17.02,15157.4,1781.37,1,20181214,128.0686955,37.1409302
43150,제천시,밤나무천,medium,15.64,17597.07,2250.78,1,20181214,128.1442208,37.1962124
43150,제천시,방도교천,wide,62.74,303497.5,9675.15,1,20181214,128.0122921,37.1663373
43150,제천시,변전소천,narrow,8.16,11453.46,2808.13,1,,128.2341563,37.1685773
43150,제천시,봉양천,wide,22.74,72868.24,6407.82,1,20211231,128.1317808,37.1476816
43150,제천시,부산천,medium,13.92,16385.5,2354.6,1,20181214,128.0979584,37.0438312
43150,제천시,불당골천,medium,13.09,8134.8,1243.3,1,20181214,128.2540224,37.1526808
43150,제천시,블그실천,medium,11.18,18911.61,3383.82,1,20181214,128.1972399,36.9099691
43150,제천시,비끼제천,narrow,8.39,4891.3,1166.45,1,20181214,128.1263884,37.1997632
43150,제천시,비디재천,wide,16.71,15581.92,1864.55,1,20181214,127.9531785,37.1740464
43150,제천시,사기장골천,wide,15.84,30822.21,3891.06,1,20181214,128.2630917,37.1754657
43150,제천시,사시리천,medium,10.98,6979.19,1270.88,1,20181214,128.149139,36.8721852
43150,제천시,산곡천,narrow,5.45,5872.34,2153.16,1,20181214,128.1426248,36.9320729
43150,제천시,산저터천,medium,8.73,11986.1,2745.94,1,20181214,128.094082,37.0514667
43150,제천시,삼거리천,wide,29.21,202634.52,13875.19,1,20211231,128.1471292,37.0984688
43150,제천시,상송한천,medium,12.18,14368.11,2359.18,1,20181214,128.2225363,37.2281495
43150,제천시,상천천,wide,18.59,10470.49,1126.72,1,20181214,128.2384319,36.9669508
43150,제천시,상풍천,medium,13.32,14443.53,2169.14,1,20211231,128.2627704,37.1414653
43150,제천시,상학동천,wide,28.79,66100.43,4591.48,1,20181214,127.9549894,37.2222032
43150,제천시,새거리천,wide,27.14,85613.0,6308.76,1,20211231,128.2395248,37.1192494
43150,제천시,새터말천,medium,13.74,7394.85,1076.38,1,20181214,127.9965163,37.2102159
43150,제천시,새터천,medium,12.19,9336.64,1531.47,1,20181214,128.1410335,37.1349901
43150,제천시,선녀골천,medium,8.89,14034.49,3157.03,1,20181214,128.1960179,37.0791644
43150,제천시,선바위천,medium,9.0,5224.29,1160.71,1,20181214,128.2015114,37.2446628
43150,제천시,세월이천,wide,24.92,33656.23,2701.43,1,20181214,128.1945736,37.1668273
43150,제천시,소바위1천,medium,14.62,11391.3,1557.86,1,20181214,128.1867936,37.2299736
43150,제천시,소바위2천,wide,25.05,52661.2,4203.7,1,20181214,128.1909977,37.2282296
43150,제천시,소새천,wide,17.54,9690.59,1104.66,1,20211231,128.1643539,37.142362
43150,제천시,솔티천,medium,10.02,9319.71,1859.69,1,20181214,128.1405015,37.0831456
43150,제천시,송수골천,wide,20.22,40912.54,4047.63,1,20181214,128.0939571,37.1347507
43150,제천시,수래골천,medium,10.86,15631.48,2878.98,1,20181214,128.2148899,36.9106008
43150,제천시,수론천,wide,25.11,76261.99,6075.32,1,20181214,128.0299958,37.127509
43150,제천시,수리천,medium,9.71,21977.99,4528.35,1,20181214,128.2264861,36.9086079
43150,제천시,숫갈천,medium,14.6,15198.33,2082.0,1,20181214,128.1028507,36.9275795
43150,제천시,승지골천,medium,9.77,11825.83,2420.83,1,20181214,128.0808703,37.1180471
43150,제천시,시거리천,medium,9.23,5250.4,1138.25,1,20181214,128.1452253,37.0946549
43150,제천시,신동천,medium,8.74,8839.25,2022.88,1,20181214,128.1687742,37.1332029
43150,제천시,신월천,medium,12.84,12234.91,1905.39,1,20181214,128.1905445,37.1728174
43150,제천시,신촌말천,narrow,6.22,7845.06,2522.63,1,20181214,128.1431832,36.9215267
43150,제천시,아랫말천,wide,23.82,52543.06,4412.48,1,20181214,128.1340803,36.8860888
43150,제천시,안고모동천,medium,12.45,14901.17,2393.06,1,20181214,128.1464056,37.1187261
43150,제천시,안골천,medium,10.61,17795.83,3355.01,1,20181214,128.2207005,37.1190905
43150,제천시,안말천,medium,10.93,15788.18,2888.82,1,20181214,128.2386724,37.1993609
43150,제천시,앞실천,medium,9.4,11566.7,2460.27,1,20181214,128.1878165,36.9511014
43150,제천시,야미교천,narrow,6.49,7291.25,2246.8,1,,128.1773192,36.9301988
43150,제천시,양구터천,narrow,8.41,7415.4,1763.47,1,,128.2383949,37.1663556
43150,제천시,양방천,medium,8.62,10349.97,2401.18,1,20181214,128.2644294,37.1925917
43150,제천시,양화천,narrow,7.45,14394.19,3866.47,1,20181214,128.2058194,37.0846683
43150,제천시,어리실천,medium,11.78,8389.78,1424.73,1,20181214,128.1039335,37.0582832
43150,제천시,억동천,medium,10.56,6937.43,1314.51,1,20181214,128.1574277,36.8716981
43150,제천시,엄승골천,wide,21.51,28320.65,2633.58,1,20181214,128.2194353,37.2192003
43150,제천시,여우네천,medium,12.86,11891.17,1849.22,1,20181214,127.985702,37.1785905
43150,제천시,연론천,narrow,8.0,12904.38,3227.73,1,20181214,128.1246852,36.9643806
43150,제천시,오리골천,narrow,8.3,8744.6,2107.35,1,20181214,128.1198258,37.104182
43150,제천시,와돈지천,medium,9.06,8349.53,1842.63,1,20181214,128.1759862,36.8997259
43150,제천시,왕당천,medium,15.78,20599.38,2611.1,1,20181214,128.0339014,37.1273568
43150,제천시,용산골천,wide,17.5,17764.08,2030.3,1,20181214,127.9939116,37.2224215
43150,제천시,원강재천,narrow,7.31,5529.46,1511.91,1,20181214,128.1955408,37.1209542
43150,제천시,원마루천,medium,10.84,7819.99,1442.33,1,20181214,128.2735526,37.1925828
43150,제천시,월굴천,narrow,8.32,15545.73,3739.03,1,20181214,128.156702,37.0566208
43150,제천시,월림천,medium,10.47,17050.86,3257.51,1,20181214,128.1872413,37.0771968
43150,제천시,위림천,medium,14.49,44538.63,6149.55,1,20181214,128.1712488,37.080315
43150,제천시,음마곡천,medium,14.7,48593.97,6611.0,1,20211231,128.1182492,37.0822786
43150,제천시,음만전천,medium,12.92,30979.98,4795.32,1,20211231,128.2518079,37.1716864
43150,제천시,음지말천,medium,10.26,18030.62,3515.92,1,20181214,128.1234878,36.9087259
43150,제천시,의림지천,wide,42.5,168520.83,7929.65,1,20181214,128.2078207,37.1731065
43150,제천시,자작천,wide,42.9,207375.25,9667.49,1,20211231,128.2905709,37.1190278
43150,제천시,잣나무천,medium,12.84,25952.79,4043.92,1,20181214,128.188426,37.1669794
43150,제천시,장구목천,medium,8.82,11212.12,2542.97,1,20181214,128.0889936,37.1339191
43150,제천시,재공천,medium,9.59,6540.29,1364.04,1,20181214,128.1678021,37.0674726
43150,제천시,재현천,medium,12.77,19487.85,3053.27,1,20211231,127.9990747,37.1386037
43150,제천시,절골천,wide,19.4,43228.09,4456.12,1,20181214,128.155986,37.1564038
43150,제천시,점골천,wide,15.87,11489.8,1447.81,1,20181214,128.2170887,37.2203216
43150,제천시,점재천,medium,11.09,11120.72,2005.22,1,20181214,128.2496689,37.1475803
43150,제천시,정암천,medium,8.87,6481.23,1461.89,1,20181214,128.2788977,37.1932128
43150,제천시,제비랑천,medium,11.62,14477.94,2491.4,1,20181214,128.1637771,37.1186986
43150,제천시,줄병골천,medium,11.87,9686.64,1631.79,1,20181214,128.0900708,37.0637095
43150,제천시,중골천,medium,11.38,12753.37,2241.3,1,20181214,128.2433338,37.094638
43150,제천시,중말천,wide,16.88,24065.65,2851.73,1,20181214,128.2543768,37.1288927
43150,제천시,중전천,wide,24.15,42970.2,3558.88,1,20181214,128.1905631,37.0510251
43150,제천시,쥐실천,narrow,7.59,6258.27,1649.49,1,20181214,128.2503469,37.1418628
43150,제천시,지소거리천,medium,9.81,14294.87,2913.53,1,20181214,128.1175141,36.9399511
43150,제천시,지실천,medium,10.23,15615.24,3052.66,1,20181214,128.2427518,37.1863692
43150,제천시,진리천,narrow,7.5,5357.67,1429.58,1,20181214,128.1618784,37.0714487
43150,제천시,질고개천,medium,11.78,9641.05,1636.38,1,20181214,128.189078,37.1526664
43150,제천시,집실천,medium,8.87,6534.26,1472.6,1,20181214,128.2197244,36.9100458
43150,제천시,차골천,narrow,8.24,11530.12,2798.87,1,20181214,128.1624501,36.9167455
43150,제천시,찬우물천,medium,9.08,4691.2,1033.7,1,20181214,128.2305189,37.122379
43150,제천시,천터골천,narrow,6.54,4719.75,1443.84,1,20181214,128.285677,37.1221819
43150,제천시,초경동천,wide,21.61,61815.21,5721.97,1,20181214,128.2447736,36.9623898
43150,제천시,초장골천,medium,10.14,5417.33,1068.68,1,20181214,128.2441677,37.2102865
43150,제천시,큰골천,medium,11.24,11637.47,2071.46,1,20181214,128.1132943,37.1460044
43150,제천시,큰말천,medium,9.86,7338.7,1488.93,1,20211231,128.1405879,37.1541586
43150,제천시,텃골천,medium,9.28,5608.12,1209.07,1,,128.2356926,37.1561606
43150,제천시,퇴골천,medium,9.41,8672.55,1842.78,1,20181214,128.1992413,36.8917377
43150,제천시,평동천,wide,30.44,88787.49,5833.8,1,20181214,128.0236641,37.1432311
43150,제천시,평촌1천,wide,19.92,35044.89,3518.78,1,20181214,128.2072501,37.2344333
43150,제천시,포전천,medium,15.72,26179.47,3329.99,1,20181214,128.201686,37.0550638
43150,제천시,학현천,wide,27.57,142979.72,10370.48,1,20181214,128.191995,37.0052294
43150,제천시,한길가천,narrow,8.17,8824.89,2159.67,1,20181214,128.1561657,36.9357266
43150,제천시,한치천,medium,10.81,9970.51,1845.28,1,20181214,128.0580344,37.1009687
43150,제천시,헌터골천,wide,17.96,10036.79,1117.67,1,20181214,128.1503735,37.1967897
43150,제천시,황골천,medium,11.38,11971.01,2104.53,1,20181214,128.1328849,37.0401603
43150,제천시,흑석천,wide,21.48,72415.49,6741.93,1,20211231,128.2454703,37.1437937
43720,보은군,가고천,wide,19.31,38528.33,3989.6,1,20201218,127.727322,36.5920792
43720,보은군,가는골천,narrow,6.12,6087.43,1989.23,1,20180809,127.8556309,36.3852475
43720,보은군,가시골천,narrow,5.72,5249.4,1837.01,1,20180809,127.6109282,36.4724763
43720,보은군,가재래골천,narrow,7.46,8423.41,2257.35,1,20180809,127.6305621,36.4727537
43720,보은군,갈목천,medium,14.11,38444.25,5450.3,1,20180809,127.8060569,36.5035278
43720,보은군,갈티골천,medium,10.39,16774.09,3228.52,1,20180809,127.6302536,36.5180465
43720,보은군,갈평천,wide,27.72,69540.29,5018.14,1,20180809,127.8403937,36.444241
43720,보은군,갓골천,narrow,4.02,2610.58,1299.91,1,20180809,127.7202594,36.5456934
43720,보은군,갯골천,narrow,6.99,9726.94,2784.31,1,20180809,127.5899186,36.5021148
43720,보은군,거교천,narrow,5.78,4077.28,1411.38,1,20180809,127.5796035,36.4561977
43720,보은군,거구리천,narrow,6.9,4473.16,1296.63,1,20180809,127.566788,36.450267
43720,보은군,건천중천,medium,10.43,15988.34,3066.8,1,20180809,127.6290953,36.4851433
43720,보은군,건천천,wide,23.0,73271.23,6372.45,1,20180809,127.6292218,36.4767866
43720,보은군,고석천,narrow,6.62,4203.08,1269.8,1,20180809,127.6128634,36.5168493
43720,보은군,곰쟁이천,medium,10.56,31533.76,5972.05,1,20180809,127.6936473,36.5444078
43720,보은군,교암천,medium,11.45,11749.35,2052.9,2,20180809,127.6849304,36.4730154
43720,보은군,구리목천,medium,11.37,20206.67,3555.75,1,20180809,127.7107495,36.5153877
43720,보은군,구병천,medium,14.41,35249.8,4893.83,1,20180809,127.868353,36.4840698
43720,보은군,구수골천,medium,10.44,7914.11,1516.62,1,20180809,127.6370678,36.4578271
43720,보은군,구티재천,narrow,6.9,6980.74,2024.14,1,20180809,127.7362365,36.5541677
43720,보은군,금곡천,narrow,5.89,5820.87,1976.57,1,20180809,127.5917883,36.4495895
43720,보은군,기대천,medium,12.0,12403.38,2066.56,1,20180809,127.8182638,36.4027231
43720,보은군,길골천,wide,16.32,31726.78,3887.84,1,20180809,127.7133055,36.5608111
43720,보은군,길산제천,medium,12.46,12621.74,2026.52,1,20180809,127.7014966,36.5274388
43720,보은군,길탕재천,narrow,4.01,3069.7,1532.51,1,20180809,127.7306851,36.5539388
43720,보은군,길탕천,wide,17.31,14293.75,1651.13,1,20180809,127.7229308,36.5659649
43720,보은군,깊은골천,narrow,3.2,3041.61,1902.78,1,20180809,127.743962,36.5501316
43720,보은군,까치메기골천,narrow,7.55,5246.47,1390.05,1,20180809,127.6477875,36.5104161
43720,보은군,남대문천,medium,9.34,22202.84,4751.95,1,20180809,127.5679154,36.4606107
43720,보은군,노티천,wide,20.09,40911.76,4073.57,1,20180809,127.6765262,36.5061829
43720,보은군,눌곡천,narrow,6.99,7030.83,2010.77,1,20180809,127.5929295,36.4836666
43720,보은군,느리골천,wide,19.75,29645.1,3002.0,1,20201218,127.6372929,36.5285946
43720,보은군,능암천,wide,17.87,19658.62,2199.6,1,20201218,127.6096711,36.5383501
43720,보은군,대목천,wide,19.54,64913.46,6644.89,1,20180809,127.8541455,36.5129126
43720,보은군,대야천,medium,10.17,22559.52,4437.25,1,20180809,127.749289,36.4901333
43720,보은군,대원천,wide,27.74,150318.65,10837.28,1,20201218,127.7852303,36.5849195
43720,보은군,도원천,wide,30.78,68375.99,4443.01,1,20201218,127.6572768,36.5846146
43720,보은군,도쟁이천,medium,12.18,18703.26,3070.32,1,20180809,127.6742687,36.545008
43720,보은군,독자골천,medium,15.08,49819.28,6607.82,1,20180809,127.6563378,36.5658606
43720,보은군,독점골천,narrow,5.46,3272.26,1198.4,1,20180809,127.7749663,36.4882324
43720,보은군,돌쇠천,medium,10.94,22825.95,4174.24,1,20180809,127.816205,36.4379176
43720,보은군,동관천,wide,25.49,46436.17,3643.15,1,20180809,127.8654669,36.4906653
43720,보은군,동절골천,medium,8.76,13051.53,2981.32,1,20180809,127.6168183,36.5399429
43720,보은군,동화천,medium,10.25,17497.42,3414.85,1,20180809,127.7496971,36.5681203
43720,보은군,등골천,medium,10.99,5786.61,1052.9,1,20180809,127.6590444,36.5934042
43720,보은군,마당말골천,narrow,4.92,5654.19,2300.13,1,20180809,127.8320913,36.3897255
43720,보은군,마티천,wide,32.77,171331.13,10456.16,1,20180809,127.7730578,36.4776485
43720,보은군,마평천,narrow,7.83,11296.66,2884.98,1,20180809,127.5889238,36.4908564
43720,보은군,말치천,medium,9.2,10054.85,2186.46,1,20180809,127.8056656,36.5008223
43720,보은군,망월천,narrow,7.38,12350.08,3347.69,6,20180809,127.7359406,36.3918892
43720,보은군,매봉산천,narrow,8.27,7435.66,1799.03,1,20180809,127.60195,36.495976
43720,보은군,머티골천,narrow,5.8,4246.53,1464.41,1,20180809,127.5824202,36.4968205
43720,보은군,모등천,narrow,8.07,7471.28,1850.71,1,20180809,127.8226938,36.3886136
43720,보은군,모정천,medium,9.88,9907.4,2005.19,1,20180809,127.7498749,36.5254665
43720,보은군,묘서천,medium,10.58,20207.32,3819.67,1,20180809,127.6887906,36.4439292
43720,보은군,무수목천,medium,12.67,9057.23,1429.76,1,20180809,127.7710295,36.5420234
43720,보은군,무주골천,medium,12.81,24803.36,3872.58,1,20180809,127.6375161,36.5784732
43720,보은군,문암천,wide,18.09,100516.6,11115.19,1,20180809,127.7259608,36.5436235
43720,보은군,문티천,medium,10.74,20546.72,3825.62,1,20180809,127.6870732,36.4307086
43720,보은군,미조랭이천,medium,8.87,7640.81,1723.07,1,20180809,127.6635815,36.4771867
43720,보은군,민판동천,wide,20.8,57389.7,5516.92,1,20180809,127.8212091,36.5434416
43720,보은군,밤성골천,narrow,7.97,18565.31,4660.26,1,20180809,127.647883,36.5045985
43720,보은군,방화실천,wide,22.75,60973.25,5359.42,1,20180809,127.8249256,36.4518676
43720,보은군,백록동천,medium,8.64,14609.85,3382.78,1,20180809,127.8689144,36.3865951
43720,보은군,백운동천,medium,12.3,20294.68,3299.48,1,20200324,127.67931,36.5495375
43720,보은군,백현천,narrow,7.94,7254.65,1828.33,1,20180809,127.7820073,36.5551712
43720,보은군,범말천,medium,11.25,9320.15,1656.6,1,20180809,127.7842636,36.5236348
43720,보은군,법주천,medium,11.98,22239.05,3711.15,1,20180809,127.6351117,36.5546976
43720,보은군,벽지일천,medium,10.6,16549.45,3123.86,1,20180809,127.7771469,36.4367325
43720,보은군,변둔천,narrow,7.38,5917.46,1603.99,1,20180809,127.8525586,36.3920948
43720,보은군,병원천,medium,8.75,8907.9,2036.61,1,20180809,127.6845443,36.4811261
43720,보은군,복바위천,medium,9.24,9477.17,2052.41,1,20180809,127.8300517,36.3896751
43720,보은군,봉비천,wide,16.6,34813.69,4193.48,1,20180809,127.8051455,36.4600921
43720,보은군,부내실천,medium,11.41,8684.92,1522.93,1,20180809,127.7927583,36.5434332
43720,보은군,부수골천,wide,19.55,44901.64,4593.59,1,20180809,127.8027495,36.5522322
43720,보은군,북상골천,narrow,6.87,12680.81,3689.19,1,20180809,127.7013319,36.5452089
43720,보은군,분저천,narrow,6.68,5328.63,1596.3,1,20180809,127.5742562,36.4217617
43720,보은군,불목천,medium,9.21,17246.75,3745.95,1,20180809,127.8173323,36.4564024
43720,보은군,산중천,wide,18.14,75010.82,8269.17,1,20180809,127.7172341,36.577273
43720,보은군,산척천,medium,10.5,14829.07,2823.31,1,20180809,127.6640794,36.490761
43720,보은군,삼성천,medium,13.3,13078.9,1966.38,1,20180809,127.7422887,36.5206236
43720,보은군,상신천,narrow,5.46,6486.85,2375.36,1,20180809,127.7171184,36.5444666
43720,보은군,상원남천,medium,13.31,15306.03,2299.66,1,20180809,127.7299719,36.3977065
43720,보은군,새뜸천,narrow,5.23,6187.08,2366.55,1,20180809,127.7640553,36.4127022
43720,보은군,새목이천,medium,14.69,15233.72,2074.62,1,20180809,127.8246329,36.5163995
43720,보은군,새양골천,narrow,6.17,6474.19,2099.99,1,20180809,127.824853,36.5212386
43720,보은군,새정골천,medium,9.7,7259.6,1496.42,1,20180809,127.654526,36.5047572
43720,보은군,새터천,narrow,6.68,4917.11,1472.36,1,20180809,127.6152113,36.5420527
43720,보은군,샘천,medium,12.39,13768.98,2223.01,1,20180809,127.6534839,36.5847518
43720,보은군,서낭골천,medium,10.42,13017.76,2499.01,1,20180809,127.7995557,36.464668
43720,보은군,서당안골천,narrow,6.89,5681.93,1650.0,1,20180809,127.7613882,36.5057698
43720,보은군,선곡천,wide,21.79,72400.07,6644.54,1,20180809,127.7160345,36.4358112
43720,보은군,성리천,wide,15.85,65058.84,8211.18,1,20180809,127.6838191,36.459014
43720,보은군,성족천,wide,19.93,63477.05,6369.27,1,20180809,127.754996,36.507915
43720,보은군,성지천,medium,11.65,13756.64,2362.03,1,20180809,127.7721863,36.4142417
43720,보은군,세목천,medium,10.68,16402.47,3072.09,1,20180809,127.5810467,36.4782531
43720,보은군,세정골천,medium,12.93,9238.63,1428.99,1,20180809,127.6576619,36.591836
43720,보은군,세푼이천,wide,17.98,31921.61,3551.13,1,20180809,127.7455085,36.4649622
43720,보은군,소계천,medium,8.77,14082.81,3210.34,1,20180809,127.6857004,36.453498
43720,보은군,소릉골천,medium,10.07,20521.62,4074.82,1,20180809,127.6544528,36.5440681
43720,보은군,소리목천,medium,12.68,10346.0,1632.49,1,20180809,127.8025427,36.5472794
43720,보은군,소여천,wide,19.96,107105.4,10730.98,1,20201218,127.8328952,36.41693
43720,보은군,송평천,medium,12.11,11345.02,1874.02,1,20180809,127.6165687,36.4701783
43720,보은군,쇠실천,narrow,6.68,5859.43,1754.8,1,20180809,127.5948553,36.4555449
43720,보은군,쇠저울천,medium,9.06,8111.73,1789.87,1,20180809,127.6987633,36.4983026
43720,보은군,쇠푼이천,medium,9.62,18637.66,3872.85,1,20180809,127.5789971,36.4744728
43720,보은군,수적골천,narrow,7.48,11055.52,2955.66,1,20180809,127.6505482,36.5359306
43720,보은군,수정천,narrow,5.93,6830.24,2303.49,1,20180809,127.7224903,36.4730394
43720,보은군,숭직골천,narrow,6.02,3816.37,1267.72,1,20180809,127.8063834,36.4663639
43720,보은군,스몰골천,medium,11.26,10084.9,1791.97,1,20180809,127.8565531,36.449955
43720,보은군,시구티천,medium,13.33,30059.33,4510.43,1,20180809,127.6672427,36.4487628
43720,보은군,신등골천,wide,17.82,21116.51,2370.26,1,20180809,127.6373105,36.5103671
43720,보은군,신문천,medium,13.33,29477.47,4421.94,1,20180809,127.6009401,36.5242419
43720,보은군,신정천,wide,17.26,33066.57,3830.67,1,20180809,127.7935442,36.5776048
43720,보은군,실미천,narrow,3.46,2451.75,1417.9,1,20180809,127.5285187,36.4228058
43720,보은군,심은지천,medium,9.03,12855.32,2846.39,1,20180809,127.5953014,36.4633945
43720,보은군,아곡천,medium,10.9,7592.12,1393.49,1,20180809,127.6519586,36.5482329
43720,보은군,아래대목천,medium,9.53,6275.74,1317.31,1,20180809,127.8602849,36.517134
43720,보은군,아시천,narrow,5.3,3595.43,1356.96,1,20180809,127.7297742,36.5431822
43720,보은군,안골천,medium,12.16,10185.32,1675.88,1,20180809,127.833824,36.38209
43720,보은군,안말천,narrow,7.72,12515.1,3242.71,1,20180809,127.7764882,36.5791469
43720,보은군,앞말천,medium,14.41,13196.35,1831.08,1,20180809,127.7072299,36.4702785
43720,보은군,애곡천,medium,13.74,37132.27,5403.57,1,20180809,127.6215833,36.4907967
43720,보은군,양지말천,medium,10.53,8315.98,1579.03,1,20180809,127.697392,36.4256023
43720,보은군,양텃골천,medium,9.26,12964.47,2798.87,1,20180809,127.692657,36.4395644
43720,보은군,어둔이골천,narrow,7.84,28433.17,7249.52,1,20180809,127.7278784,36.5139619
43720,보은군,어온천,wide,18.41,52694.05,5723.28,1,20180809,127.710384,36.588125
43720,보은군,오동천,wide,22.03,52148.7,4734.82,1,20201218,127.5924372,36.5161202
43720,보은군,오래실천,medium,9.37,15924.57,3400.04,1,20180809,127.7540628,36.5008056
43720,보은군,오정천,wide,17.84,78037.45,8746.52,1,20201218,127.6605569,36.4589445
43720,보은군,오천천,medium,11.49,34186.74,5952.46,1,20180809,127.7866011,36.3969511
43720,보은군,옥수골천,narrow,8.35,7338.69,1756.81,1,20180809,127.7582216,36.5197379
43720,보은군,외모정천,narrow,7.23,7420.42,2053.61,1,20180809,127.7255538,36.5740967
43720,보은군,용곡천,medium,8.93,18945.81,4244.93,1,20180809,127.5717073,36.4715209
43720,보은군,용골천,medium,11.4,16843.43,2955.03,1,20180809,127.7837704,36.5359016
43720,보은군,용상천,medium,10.41,22569.96,4336.21,1,20180809,127.5815759,36.5000376
43720,보은군,용암천,medium,10.19,14080.37,2762.64,1,20180809,127.6862708,36.4959571
43720,보은군,윗말천,medium,13.62,21464.61,3150.97,1,20180809,127.7146803,36.4303404
43720,보은군,율산천,medium,13.17,37809.55,5742.87,1,20180809,127.6540324,36.4870224
43720,보은군,음지천,medium,8.85,11027.54,2492.94,1,20180809,127.5873934,36.5139428
43720,보은군,응골천,narrow,7.61,6201.42,1630.04,1,20180809,127.683561,36.4684074
43720,보은군,임곡천,medium,13.84,48848.93,7058.29,1,20180809,127.874476,36.4346543
43720,보은군,작은골천,medium,13.64,20091.89,2945.87,1,20180809,127.5938353,36.4255574
43720,보은군,작은말천,medium,12.36,19109.17,3090.91,1,20180809,127.7347492,36.4782089
43720,보은군,작은새천,medium,9.55,15777.31,3304.13,1,20180809,127.8421861,36.4131724
43720,보은군,장속천,medium,10.0,14168.57,2832.91,1,20180809,127.6962003,36.5021413
43720,보은군,재피골천,medium,11.33,8336.42,1471.98,1,20180809,127.6838808,36.5449694
43720,보은군,적음천,medium,12.46,13700.03,2198.85,1,20180809,127.6787457,36.5669101
43720,보은군,절골천,narrow,8.23,13811.59,3356.73,1,20180809,127.7449824,36.3977514
43720,보은군,점동천,medium,9.75,10429.57,2139.22,3,20180809,127.8097622,36.3916899
43720,보은군,제비골천,medium,12.42,11291.61,1818.15,1,20180809,127.6861712,36.524212
43720,보은군,제비터천,medium,10.23,7040.47,1376.4,1,20180809,127.6752993,36.5361815
43720,보은군,조곡천,narrow,7.86,13027.03,3313.38,1,20180809,127.5960147,36.4450474
43720,보은군,주막등천,medium,11.36,16829.35,2964.12,1,20180809,127.8684544,36.4502822
43720,보은군,중소여천,narrow,7.64,4829.93,1264.13,1,20180809,127.8547887,36.4178656
43720,보은군,중신천,narrow,4.5,3886.13,1727.41,1,20180809,127.7164026,36.5415508
43720,보은군,중판천,wide,16.49,29110.01,3530.96,1,20180809,127.7926843,36.5154441
43720,보은군,지바우천,narrow,7.5,8190.82,2185.05,1,20180809,127.6124278,36.5421884
43720,보은군,지산천,wide,24.69,86128.82,6975.96,1,20180809,127.7237968,36.4509568
43720,보은군,칠송천,medium,10.29,8926.0,1735.55,1,20180809,127.8117482,36.5078139
43720,보은군,큰골천,narrow,5.9,3488.44,1182.42,1,20180809,127.6423623,36.5022213
43720,보은군,큰오랑천,medium,9.53,6529.3,1370.23,1,20180809,127.6713472,36.5059676
43720,보은군,탄금천,medium,12.52,30194.45,4822.02,1,20180809,127.7384293,36.4088079
43720,보은군,탄통매천,medium,10.0,10547.78,2109.84,1,20180809,127.673624,36.5017626
43720,보은군,텃골천,medium,14.19,22426.26,3159.87,1,20180809,127.7730077,36.5390982
43720,보은군,판장천,narrow,8.49,24008.26,5653.52,1,20180809,127.5996784,36.4337726
43720,보은군,평각천,medium,12.98,29541.85,4550.67,1,20180809,127.7569061,36.4581859
43720,보은군,하문티천,medium,11.3,8737.77,1546.21,2,20220322,127.6892618,36.4304214
43720,보은군,하신천,narrow,3.56,2880.71,1618.63,1,20180809,127.7142822,36.5394095
43720,보은군,학림천,wide,18.15,23156.31,2551.47,1,20180809,127.7270917,36.5268526
43720,보은군,항각골천,medium,13.04,17593.98,2698.2,1,20180809,127.7770021,36.4767916
43720,보은군,향교천,medium,13.92,17780.08,2553.98,1,20180809,127.7109477,36.4910989
43720,보은군,화엄이천,narrow,4.78,4043.87,1691.06,1,20180809,127.8054355,36.4973547
43720,보은군,활목재천,narrow,7.65,9030.5,2359.42,1,20180809,127.7859995,36.591879
43720,보은군,황토말천,medium,10.62,17503.7,3297.64,1,20180809,127.7228434,36.431278
43720,보은군,흰돌천,narrow,8.51,12905.82,3034.48,1,20180809,127.761237,36.5633537
43730,옥천군,가믐골천,narrow,7.88,7329.73,1860.73,1,,127.6305457,36.3085983
43730,옥천군,가사목천,wide,16.58,26280.0,3169.64,1,,127.8776116,36.3572988
43730,옥천군,감내천,narrow,6.64,3700.11,1113.76,1,,127.5203485,36.3439136
43730,옥천군,강청천,wide,29.51,75039.32,5086.37,1,,127.6118783,36.2424603
43730,옥천군,개밭골천,wide,30.34,149539.88,9857.19,1,,127.6689632,36.4279108
43730,옥천군,갠고랑천,wide,16.3,37643.81,4617.89,1,,127.6719361,36.2478642
43730,옥천군,거로천,narrow,6.72,5244.72,1560.92,1,,127.7265682,36.3426086
43730,옥천군,계촌천,narrow,8.47,10860.67,2564.19,1,,127.6313371,36.1874423
43730,옥천군,고당천,narrow,5.45,5245.26,1926.6,1,,127.6958267,36.3000491
43730,옥천군,고듬티골천,narrow,3.95,2584.39,1307.31,1,,127.6608801,36.3962548
43730,옥천군,고수골천,medium,8.64,13923.07,3222.87,1,,127.5862523,36.3161708
43730,옥천군,곤룡천,wide,16.21,33886.39,4179.69,1,,127.5055293,36.2708107
43730,옥천군,골내미천,narrow,4.04,3071.1,1520.71,1,,127.5357985,36.3908563
43730,옥천군,공극재천,narrow,7.03,5056.46,1438.68,1,,127.5661203,36.3820796
43730,옥천군,괴골천,medium,9.03,18832.53,4169.56,1,,127.7249683,36.2725693
43730,옥천군,교동천,wide,16.18,48389.86,5982.24,1,,127.5815528,36.3145043
43730,옥천군,구건리천,medium,9.08,10806.37,2380.07,1,,127.5909917,36.3491269
43730,옥천군,구렁이박골천,medium,10.86,5233.59,964.08,1,,127.7257107,36.3892504
43730,옥천군,구렁이천,medium,10.85,9220.6,1699.49,1,,127.6768392,36.233974
43730,옥천군,구령천,medium,9.69,6896.73,1423.98,1,,127.6949968,36.373712
43730,옥천군,구멍막골천,narrow,7.16,7577.01,2117.34,1,,127.8271884,36.3578781
43730,옥천군,구비골천,narrow,8.45,6706.86,1588.3,1,,127.6830317,36.3234031
43730,옥천군,구비천,narrow,4.89,5217.38,2132.26,1,,127.708791,36.3259853
43730,옥천군,구순곡천,wide,16.51,15838.37,1918.85,1,,127.6274408,36.2685927
43730,옥천군,구음천,wide,25.35,69542.62,5485.58,1,,127.7120279,36.3340042
43730,옥천군,구일천,medium,14.66,47885.92,6531.7,1,,127.5758082,36.2936395
43730,옥천군,궁촌천,medium,15.54,23987.94,3086.4,1,,127.7575778,36.3106367
43730,옥천군,꽃밭골천,medium,13.32,7465.62,1121.22,1,,127.6649982,36.4235829
43730,옥천군,날망천,medium,14.06,42928.55,6105.65,1,,127.5806945,36.2998667
43730,옥천군,내촌천,narrow,6.51,9768.47,3000.3,1,,127.6885333,36.2714339
43730,옥천군,노란이골천,medium,11.06,11436.43,2067.6,1,,127.5304736,36.3048806
43730,옥천군,논골천,narrow,5.79,4188.92,1446.66,1,,127.5881834,36.3500013
43730,옥천군,능월천,medium,11.23,19968.85,3555.68,1,,127.7406387,36.3834465
43730,옥천군,다락골천,wide,20.1,64302.91,6397.71,1,,127.6994834,36.361925
43730,옥천군,다리골천,narrow,6.95,7066.47,2033.3,1,,127.5416355,36.3137144
43730,옥천군,대골천,medium,14.81,25641.43,3463.76,1,,127.5635298,36.2847333
43730,옥천군,대안천,wide,22.51,74603.4,6629.34,1,,127.7310845,36.3570084
43730,옥천군,덕곡천,medium,12.49,26383.81,4225.72,1,,127.7817252,36.3159152
43730,옥천군,덕천,wide,28.78,58709.77,4080.34,1,,127.6175175,36.2119679
43730,옥천군,덧마천,medium,9.67,11127.08,2301.63,1,,127.8326322,36.3382976
43730,옥천군,도가지골천,narrow,7.07,5832.18,1648.82,1,,127.6493638,36.3971613
43730,옥천군,도래밤티1천,narrow,5.46,3838.12,1405.67,1,,127.6266095,36.4173575
43730,옥천군,도래밤티2천,medium,10.6,5360.49,1011.83,1,,127.6379862,36.4123328
43730,옥천군,도장소천,medium,9.49,10392.99,2189.52,1,,127.6048851,36.312663
43730,옥천군,도장천,narrow,5.48,3867.82,1410.68,1,,127.7327077,36.3809861
43730,옥천군,도천천,narrow,8.51,18208.99,4280.93,1,,127.7504245,36.2761415
43730,옥천군,돌공재천,medium,14.07,10474.07,1488.68,1,,127.7028791,36.3604521
43730,옥천군,동대1천,wide,16.68,34780.41,4169.32,1,,127.6666081,36.4097812
43730,옥천군,동옥골천,medium,13.52,37478.79,5545.22,1,,127.5095346,36.2925914
43730,옥천군,동정천,narrow,5.91,6663.91,2254.85,1,,127.6009524,36.3171356
43730,옥천군,두리천,medium,10.55,9735.58,1846.31,1,,127.7765234,36.3257167
43730,옥천군,뒷골천,medium,10.63,15688.97,2952.44,1,,127.8001068,36.348667
43730,옥천군,마고실천,medium,8.99,9589.56,2133.89,1,,127.5268468,36.2939031
43730,옥천군,마루목천,narrow,5.82,2971.29,1021.55,1,,127.5519467,36.2513599
43730,옥천군,마장천,medium,10.34,9111.92,1762.35,1,,127.7368115,36.3750539
43730,옥천군,만월천,wide,23.75,126814.79,10681.1,1,,127.803508,36.3750074
43730,옥천군,말개미천,narrow,6.48,5587.76,1724.45,1,,127.5130824,36.3406187
43730,옥천군,말재골1천,medium,10.41,13056.0,2507.61,1,,127.6210518,36.3067243
43730,옥천군,말재골2천,narrow,7.18,7897.91,2198.72,1,,127.6513185,36.3045072
43730,옥천군,망월천,medium,10.05,24247.39,4827.36,1,,127.7419808,36.3879965
43730,옥천군,매화천,narrow,6.07,4121.69,1357.47,1,,127.5968488,36.3039903
43730,옥천군,머느실천,narrow,6.25,6640.52,2125.73,1,,127.5190241,36.2823165
43730,옥천군,메주골천,medium,10.34,14735.62,2851.43,1,,127.6961112,36.2729808
43730,옥천군,명태곡천,wide,27.26,171787.91,12603.12,1,,127.6096669,36.2728796
43730,옥천군,목동천,wide,29.62,94862.3,6405.18,1,,127.8117159,36.3311004
43730,옥천군,못안천,wide,19.41,42616.87,4390.63,1,,127.6294978,36.2899459
43730,옥천군,무중골천,narrow,6.98,7842.93,2247.71,1,,127.5234558,36.3060804
43730,옥천군,무회천,medium,9.45,12739.42,2696.71,1,,127.7377325,36.3030937
43730,옥천군,묵방천,narrow,6.3,5588.35,1775.19,1,,127.6436755,36.196537
43730,옥천군,문박골천,narrow,8.0,4660.14,1165.32,1,,127.5947,36.3525951
43730,옥천군,바깥고무제천,narrow,6.25,3249.29,1039.79,1,,127.5059588,36.2688225
43730,옥천군,바리골천,narrow,6.41,3377.81,1054.59,1,,127.558164,36.3475856
43730,옥천군,밤나무골천,medium,13.65,12514.18,1833.68,1,,127.5337898,36.3852002
43730,옥천군,방아재골천,narrow,8.44,8406.67,1992.07,1,,127.5345118,36.3734156
43730,옥천군,백석천,narrow,3.48,2577.06,1480.02,1,,127.5396954,36.3229094
43730,옥천군,백운천,medium,10.58,23970.59,4530.22,1,,127.7930216,36.3515423
43730,옥천군,버드나무골천,narrow,5.95,4760.59,1599.56,1,,127.5761275,36.3387392
43730,옥천군,범천,narrow,4.36,2261.93,1037.27,1,,127.6433967,36.1880929
43730,옥천군,법화천,medium,10.69,22214.26,4155.53,1,,127.8430137,36.3613919
43730,옥천군,복우천,narrow,8.09,7277.76,1799.2,1,,127.8516688,36.3601213
43730,옥천군,부룬이천,medium,13.19,21485.52,3256.9,1,,127.6235296,36.2286665
43730,옥천군,부룬천,narrow,7.49,8848.37,2361.2,1,,127.619031,36.2248179
43730,옥천군,분모골천,narrow,8.23,24432.76,5940.16,2,,127.6309343,36.3169581
43730,옥천군,산정말천,medium,11.92,31799.71,5335.73,1,,127.5616635,36.2907043
43730,옥천군,삼남천,medium,15.47,64249.6,8308.49,1,,127.7383455,36.291029
43730,옥천군,삼청천,medium,10.73,16784.05,3128.8,1,,127.5787311,36.2704177
43730,옥천군,새마을천,medium,11.97,22045.39,3683.26,1,,127.5213986,36.3275467
43730,옥천군,생기천,narrow,6.12,4683.15,1529.8,1,,127.6959268,36.3765482
43730,옥천군,서당골천,narrow,7.25,9212.24,2541.08,1,,127.5293338,36.2792805
43730,옥천군,서원골천,medium,14.17,11031.12,1556.93,1,,127.6201846,36.2760898
43730,옥천군,세거리천,narrow,8.42,5066.54,1203.8,1,,127.5403803,36.3817829
43730,옥천군,세모골천,medium,8.86,11434.72,2581.31,1,,127.6014471,36.3938356
43730,옥천군,세보루천,narrow,7.98,4981.88,1248.21,1,,127.5932326,36.284893
43730,옥천군,세정천,medium,8.76,16355.44,3733.06,1,,127.7190394,36.2790078
43730,옥천군,소도천,wide,21.67,57349.04,5292.91,1,,127.6189457,36.2853268
43730,옥천군,소리기천,narrow,7.94,5667.81,1428.15,1,,127.5751554,36.3352013
43730,옥천군,소발리천,wide,15.9,12231.42,1538.81,1,,127.691169,36.3546487
43730,옥천군,소서천,medium,11.25,22630.69,4022.06,1,,127.7774734,36.2999848
43730,옥천군,소정윗천,narrow,5.25,5075.99,1932.35,1,,127.566042,36.2753503
43730,옥천군,소정천,wide,16.39,22821.07,2784.86,1,,127.572059,36.2795103
43730,옥천군,소화천,medium,15.1,47912.66,6345.12,1,,127.7343258,36.3784749
43730,옥천군,쇳골천,narrow,8.18,6194.15,1515.36,1,,127.5599031,36.2851123
43730,옥천군,수영천,narrow,8.19,10576.51,2581.5,1,,127.6495535,36.1918476
43730,옥천군,숫가마골천,medium,13.2,29886.31,4527.23,1,,127.6624448,36.2458738
43730,옥천군,신매천,medium,14.52,60525.23,8336.68,1,,127.7777006,36.3082608
43730,옥천군,실천,medium,10.0,6402.88,1280.04,1,,127.6310034,36.2102554
43730,옥천군,심청천,narrow,6.04,3750.28,1241.95,1,,127.6774791,36.3635806
43730,옥천군,안골천,medium,13.81,20716.72,2999.81,1,,127.6617782,36.3571876
43730,옥천군,안티천,medium,12.71,22580.74,3553.97,1,,127.7202024,36.3560295
43730,옥천군,앞내천,narrow,8.16,11700.77,2866.85,1,,127.6741944,36.2723048
43730,옥천군,양수천,medium,13.35,27915.88,4180.63,1,,127.5554613,36.2948394
43730,옥천군,양저천,wide,26.83,192248.49,14329.57,1,,127.7222557,36.2855716
43730,옥천군,옆천,wide,17.43,23233.86,2665.26,1,,127.6217667,36.1981163
43730,옥천군,오산이골천,medium,11.5,8131.15,1414.13,1,,127.7063651,36.3887441
43730,옥천군,옥각천,narrow,7.46,11802.05,3162.48,1,,127.5678801,36.3187282
43730,옥천군,옥박골천,narrow,6.2,3190.37,1028.77,1,,127.684767,36.3267038
43730,옥천군,용암말천,narrow,6.41,4507.12,1406.29,1,,127.6065096,36.2682692
43730,옥천군,웃골천,narrow,6.07,7218.27,2377.67,1,,127.6711418,36.3935363
43730,옥천군,월외천,wide,22.22,115013.35,10353.03,1,,127.6415756,36.4137411
43730,옥천군,월이1천,medium,15.69,21006.48,2676.98,1,,127.6420607,36.2390335
43730,옥천군,월이2천,medium,9.95,7813.3,1571.06,1,,127.6626839,36.2381984
43730,옥천군,윗망기미천,narrow,7.42,5304.23,1430.02,1,,127.5507192,36.2849084
43730,옥천군,의지천,wide,26.22,71558.02,5457.68,1,,127.825735,36.3343906
43730,옥천군,이백천,wide,18.05,134200.75,14872.94,1,,127.523021,36.3422058
43730,옥천군,이시울천,narrow,5.8,2943.06,1015.35,1,,127.5402481,36.3726709
43730,옥천군,이평골천,narrow,2.61,1874.09,1435.49,1,,127.5756125,36.3527334
43730,옥천군,인정천,medium,13.73,47465.56,6915.55,1,,127.796783,36.3262961
43730,옥천군,자골천,medium,9.02,5050.25,1119.37,1,,127.5048863,36.2957967
43730,옥천군,자모리천,medium,14.34,42018.73,5861.36,1,,127.512637,36.3270728
43730,옥천군,잔다리천,medium,13.42,21353.64,3182.04,1,,127.6828756,36.3352294
43730,옥천군,장기미골천,narrow,7.02,7787.26,2217.6,1,,127.6700314,36.4014752
43730,옥천군,장녹골천,medium,11.08,11197.7,2022.06,1,,127.8486032,36.3499285
43730,옥천군,장대골천,medium,12.14,15310.55,2522.12,1,,127.6265361,36.1903538
43730,옥천군,장수천,narrow,7.54,12112.21,3212.78,1,,127.7455647,36.3105682
43730,옥천군,장위천,wide,22.89,85642.31,7482.61,1,,127.7879077,36.3212852
43730,옥천군,재골천,wide,20.01,42042.77,4201.77,1,,127.5822845,36.265892
43730,옥천군,재근천,narrow,4.88,2722.17,1116.07,1,,127.5537652,36.2978373
43730,옥천군,절골천,medium,9.4,15197.88,3234.12,2,,127.6777276,36.3509923
43730,옥천군,접산골천,medium,9.44,11584.37,2453.07,1,,127.5269275,36.3069383
43730,옥천군,정구지밭천,narrow,8.21,8298.61,2021.37,1,,127.6580289,36.4366897
43730,옥천군,정두천,medium,10.1,7652.36,1515.39,1,,127.5571708,36.2844449
43730,옥천군,정방천,medium,8.64,12280.4,2843.9,1,,127.6717691,36.3974514
43730,옥천군,정이랑천,medium,8.63,10940.59,2534.71,1,,127.568126,36.2822775
43730,옥천군,조분1천,medium,10.36,21895.39,4227.51,1,,127.7555932,36.2951842
43730,옥천군,조분2천,medium,9.76,7688.03,1574.71,1,,127.7475038,36.2971784
43730,옥천군,종배천,medium,9.38,13271.65,2828.55,1,,127.6827463,36.3449094
43730,옥천군,준말천,narrow,8.02,8254.73,2058.84,1,,127.6669234,36.3578187
43730,옥천군,중골천,narrow,2.36,1310.06,1107.94,1,,127.5937811,36.2825117
43730,옥천군,중심방골천,medium,8.68,11214.02,2582.5,1,,127.509262,36.2737449
43730,옥천군,지령천,medium,9.27,12482.62,2693.99,1,,127.7262532,36.3694879
43730,옥천군,지정천,narrow,7.36,9790.5,2661.31,1,,127.6357867,36.2158067
43730,옥천군,진골천,wide,29.02,88868.42,6124.21,1,,127.5085861,36.2560309
43730,옥천군,진벌천,medium,10.56,17969.33,3404.03,1,,127.6813891,36.339565
43730,옥천군,집너머골천,narrow,5.35,5687.68,2127.69,1,,127.5076466,36.2794808
43730,옥천군,쪽박골천,narrow,6.67,7054.23,2115.95,1,,127.5218801,36.2581357
43730,옥천군,참사골천,narrow,8.42,8152.79,1935.81,1,,127.6033616,36.2685151
43730,옥천군,참실천,medium,11.79,27114.08,4598.64,1,,127.8042134,36.3264785
43730,옥천군,큰골천,medium,8.57,4832.38,1127.67,1,,127.6948829,36.3915893
43730,옥천군,탑산리골천,narrow,7.09,5728.31,1615.3,1,,127.6447834,36.3929095
43730,옥천군,턱골천,medium,13.9,18757.01,2699.29,1,,127.827203,36.3354597
43730,옥천군,토시골천,narrow,4.85,4899.59,2019.04,1,,127.4950984,36.2531137
43730,옥천군,평지천,narrow,5.89,6286.82,2133.35,1,,127.5312524,36.3258847
43730,옥천군,평촌천,medium,12.92,32487.81,5030.28,1,,127.6411933,36.1856384
43730,옥천군,한곡천,wide,52.67,64518.08,2449.95,1,,127.7961224,36.3090305
43730,옥천군,화계천,narrow,5.99,3170.77,1058.01,1,,127.6079285,36.317196
43730,옥천군,화동1천,medium,10.01,21071.39,4209.44,1,,127.7409142,36.3580771
43730,옥천군,화동2천,narrow,8.28,13351.03,3226.13,1,,127.7482825,36.3518239
43730,옥천군,화인골천,narrow,5.99,6588.04,2201.4,1,,127.6575414,36.372153
43730,옥천군,화인천,medium,10.63,4592.62,864.17,1,,127.6572119,36.3761227
43730,옥천군,화장골천,narrow,5.39,3538.23,1312.69,1,,127.6591023,36.3064347
43730,옥천군,환촌천,narrow,7.89,4737.89,1200.99,1,,127.5215486,36.3046815
43730,옥천군,효림천,narrow,6.95,9483.5,2728.46,1,,127.8347216,36.3237364
43740,영동군,가경천,wide,40.6,138654.52,6830.0,1,20190826,127.949919,36.1089284
43740,영동군,가곡천,medium,11.36,5457.52,961.07,1,20190826,127.670452,36.1189796
43740,영동군,가동천,medium,13.48,49338.71,7322.92,1,20190826,127.7671388,36.1493954
43740,영동군,가래점천,medium,15.26,14473.24,1896.64,1,20190826,127.8808049,36.0624897
43740,영동군,가리실천,wide,18.28,19567.08,2140.55,1,20190826,127.7758869,36.253566
43740,영동군,강진천,wide,19.02,26456.67,2781.37,1,20190826,127.9476879,36.1593836
43740,영동군,거칠미천,narrow,4.78,3298.1,1380.89,1,20190826,127.711152,36.1297449
43740,영동군,고양골천,medium,13.22,27357.63,4139.62,1,20190826,127.7107306,36.2590137
43740,영동군,공암천,narrow,6.95,11021.41,3169.62,1,20190826,127.6846292,36.0781594
43740,영동군,관리천,wide,17.49,93440.16,10686.36,1,20190826,128.0033038,36.2294825
43740,영동군,광소천,narrow,7.16,8399.22,2345.13,1,20190826,127.6931733,36.0841449
43740,영동군,광평천,narrow,7.17,7273.62,2028.26,1,20190826,127.9409058,36.2245872
43740,영동군,괴목천,narrow,8.18,15769.85,3855.17,1,20190826,127.7532883,36.1504009
43740,영동군,괴재천,medium,12.66,10894.5,1721.27,1,20190826,127.8791578,36.0748135
43740,영동군,교동천,narrow,4.82,5118.06,2123.2,1,,127.742298,36.150982
43740,영동군,구리기천,narrow,4.68,3215.11,1373.02,1,20190826,127.9953594,36.2247595
43740,영동군,구시천,medium,11.94,21817.47,3653.92,1,20190826,127.8176664,36.3001593
43740,영동군,구정천,medium,10.9,26406.6,4847.02,1,20190826,127.7204888,36.1842114
43740,영동군,금보천,medium,13.97,51843.29,7420.45,1,20190826,127.9808728,36.2303707
43740,영동군,길가마골천,narrow,5.82,2539.28,872.31,1,20190826,127.7288045,36.2596306
43740,영동군,내룡천,medium,14.83,50330.35,6788.32,1,20190826,127.7729584,36.0350517
43740,영동군,내만천,medium,13.49,31359.71,4650.42,1,20190826,127.7350087,36.116273
43740,영동군,내원천,narrow,7.79,3558.94,914.11,1,20190826,127.7266278,36.1280043
43740,영동군,넘마천,medium,9.41,8529.14,1813.53,1,20190826,127.7021527,36.1858144
43740,영동군,노루골천,medium,10.79,26413.29,4897.12,1,20190826,127.6944105,36.2278887
43740,영동군,노천천,narrow,6.52,5850.3,1794.9,1,20190826,127.9315743,36.2045439
43740,영동군,높은터천,medium,10.79,10224.79,1896.1,1,20190826,127.9260191,36.1352053
43740,영동군,누교천,medium,12.4,27388.08,4418.53,1,20190826,127.6312728,36.1644449
43740,영동군,단전천,wide,29.17,139215.37,9543.77,1,20190826,127.7507213,36.2460306
43740,영동군,달밭천,narrow,7.89,9801.38,2483.29,1,20190826,127.781971,36.0274115
43740,영동군,대곡천,medium,12.77,21093.77,3304.76,1,20190826,127.6553716,36.1421847
43740,영동군,덕곡천,narrow,8.51,8182.99,1923.84,1,20190826,127.9525552,36.2163419
43740,영동군,도가실천,medium,12.03,11924.71,1982.48,1,20190826,127.6224577,36.1728787
43740,영동군,도너실천,medium,10.43,19192.89,3680.6,1,20190826,127.7244076,36.1191318
43740,영동군,도동천,wide,17.0,71439.8,8406.45,1,20190826,127.8527399,36.2215644
43740,영동군,도란이천,medium,10.35,20671.67,3994.15,1,20190826,127.9402618,36.2533663
43740,영동군,도치골천,medium,9.62,17620.64,3665.04,1,,127.7867188,36.1965681
43740,영동군,독점천,medium,13.12,40521.9,6177.3,1,,127.9215371,36.2668558
43740,영동군,돈대천,medium,10.81,15917.6,2943.95,1,20190826,127.9095022,36.1739816
43740,영동군,뒷골천,medium,12.7,9368.59,1475.24,1,20190826,127.7909517,36.0948129
43740,영동군,뒷들천,narrow,7.0,3679.35,1051.87,1,20190826,127.6949204,36.19626
43740,영동군,마곡천,wide,29.72,122032.11,8212.5,1,20190826,127.6701944,36.1905392
43740,영동군,매남천,narrow,7.84,10103.13,2576.84,1,20190826,127.8244452,36.2943097
43740,영동군,모산천,wide,22.07,75547.7,6846.71,1,20190826,127.6730016,36.1185349
43740,영동군,모정천,narrow,5.07,4892.55,1931.16,1,20190826,127.6516595,36.071792
43740,영동군,목화천,narrow,6.35,8306.29,2614.44,1,20190826,127.8852227,36.207803
43740,영동군,묘동천,narrow,5.38,6889.65,2559.88,1,20190826,127.7422448,36.1452104
43740,영동군,묵은점천,narrow,6.67,7260.65,2178.05,1,20190826,127.8550415,36.1909363
43740,영동군,미반천,medium,13.22,35259.22,5332.99,1,20190826,127.8661625,36.1160694
43740,영동군,밑베기천,narrow,8.21,11174.19,2720.7,1,20190826,127.8588994,36.2649513
43740,영동군,박계천,medium,10.69,21532.0,4030.11,1,20190826,127.6659272,36.1019415
43740,영동군,방곡천,narrow,5.56,8992.35,3236.8,1,20190826,127.7779024,36.1627166
43740,영동군,배가몰골천,medium,12.63,7317.02,1159.01,1,20190826,127.8334669,36.1459373
43740,영동군,법곡천,wide,16.48,37293.31,4527.24,1,20190826,127.7198179,36.1728737
43740,영동군,봉대천,medium,8.56,4402.68,1028.28,1,20190826,127.9419371,36.2202108
43740,영동군,부가천,narrow,7.11,9347.13,2630.37,1,,127.9071932,36.2199345
43740,영동군,부상천,narrow,5.67,5576.44,1968.71,1,20190826,127.7650092,36.2598588
43740,영동군,부용천,narrow,6.75,5038.42,1492.26,1,20190826,127.7570691,36.1812596
43740,영동군,분무골천,narrow,4.8,3980.24,1657.47,1,20190826,127.691071,36.2115871
43740,영동군,비디골천,narrow,6.95,7186.55,2069.18,1,20190826,127.8812539,36.1198889
43740,영동군,사냥골천,medium,10.18,18008.6,3536.65,1,20190826,127.7554531,36.2417999
43740,영동군,사야천,medium,9.34,15554.91,3332.08,1,20190826,127.9711151,36.1628007
43740,영동군,산막천,wide,21.64,87187.06,8059.5,1,20190826,127.7943868,36.0971109
43740,영동군,산이천,wide,17.35,102287.37,11791.24,1,20190826,127.7555856,36.2107805
43740,영동군,산익천,wide,18.44,94800.47,10284.61,1,,127.7984783,36.1577585
43740,영동군,살골천,narrow,6.91,5980.98,1732.17,1,20190826,128.0001884,36.2329113
43740,영동군,삼거리천,medium,12.11,15114.83,2495.49,1,20190826,127.6572255,36.1920663
43740,영동군,삼정천,medium,8.57,9146.84,2134.85,1,20190826,127.6738887,36.0752885
43740,영동군,삼현천,medium,11.71,23282.51,3976.97,1,20190826,127.779181,36.1374861
43740,영동군,상가천,medium,11.16,20010.81,3587.61,1,20190826,127.8670988,36.1804865
43740,영동군,상림천,medium,13.66,53156.74,7780.91,5,20190826,127.9197391,36.1619946
43740,영동군,석쟁이천,narrow,8.24,9600.93,2330.23,1,20190826,127.8104326,36.2055045
43740,영동군,석현천,wide,20.37,90873.23,8922.32,1,,127.8991415,36.0905049
43740,영동군,설계천,wide,22.27,81971.61,7361.87,1,20190826,127.7773516,36.1869096
43740,영동군,소계천,medium,10.59,43347.22,8185.42,1,20190826,127.9137158,36.2099674
43740,영동군,소난곡천,wide,25.98,111064.97,8549.49,1,20190826,127.9223701,36.2554038
43740,영동군,소사천,medium,9.69,5634.86,1162.62,1,20190826,127.8257967,36.2193979
43740,영동군,소주곡천,medium,13.63,19125.99,2806.3,1,20190826,127.8195255,36.1633145
43740,영동군,소차곡천,narrow,2.92,1889.29,1295.03,1,20190826,127.6823969,36.2236629
43740,영동군,소호탄천,medium,11.17,9136.47,1635.44,1,20190826,127.6332626,36.1360954
43740,영동군,솔티천,medium,11.58,15133.96,2613.9,1,20190826,127.7937817,36.1923766
43740,영동군,수동천,medium,10.31,12284.05,2381.86,1,20190826,127.7195174,36.1091653
43740,영동군,수리냄이천,medium,14.24,37396.18,5250.51,1,,127.7476912,36.1436537
43740,영동군,스무네골천,medium,9.89,14993.31,3030.65,1,20190826,127.7074137,36.1723934
43740,영동군,신안천,wide,26.48,142877.6,10791.09,1,20190826,127.9997187,36.2581479
43740,영동군,신우제천,medium,11.49,41028.23,7141.64,1,20190826,127.8903954,36.1956959
43740,영동군,심방골천,narrow,5.7,4288.33,1505.51,1,20190826,127.8332772,36.1490439
43740,영동군,쌍암천,wide,20.27,9577.42,944.77,1,20190826,127.7058829,36.1501827
43740,영동군,안내천,narrow,7.16,8868.21,2478.06,1,20190826,127.6324413,36.1670559
43740,영동군,안녕천,medium,11.58,43642.69,7534.63,1,20190826,127.9549524,36.1862326
43740,영동군,안대천,medium,10.19,28016.11,5501.41,1,20190826,127.8894953,36.2131768
43740,영동군,안순냄이천,narrow,7.12,6255.72,1756.38,1,20190826,127.6986485,36.1517277
43740,영동군,안정천,narrow,6.92,4827.64,1395.93,1,20190826,127.8149319,36.035542
43740,영동군,애교천,narrow,3.67,3006.23,1637.96,1,20190826,127.9297066,36.2238527
43740,영동군,양안이골천,medium,11.2,19741.28,3524.44,1,20190826,127.6487043,36.0947329
43740,영동군,양주천,medium,12.54,20674.17,3297.51,1,20190826,127.8923517,36.1487074
43740,영동군,어촌천,wide,16.42,40400.74,4922.07,1,20190826,127.9760342,36.1477641
43740,영동군,여의골천,medium,10.86,27400.02,5044.26,1,20190826,127.708324,36.0454514
43740,영동군,여의천,wide,27.4,78830.77,5753.55,1,20190826,127.6915744,36.0796158
43740,영동군,연화천,narrow,4.8,3128.29,1304.55,1,20190826,127.8638343,36.2333494
43740,영동군,오야천,wide,19.4,45306.92,4669.85,1,20190826,127.8083607,36.2785268
43740,영동군,오정천,medium,10.95,29993.4,5476.48,1,20190826,127.7713938,36.1993505
43740,영동군,오탄천,medium,15.05,39628.02,5265.45,1,20190826,127.7600183,36.1845059
43740,영동군,왜골천,narrow,5.93,4775.17,1609.96,1,20190826,127.7174679,36.2351253
43740,영동군,외련천,medium,8.63,13525.84,3135.04,1,20190826,127.8098416,36.1531804
43740,영동군,용산천,medium,14.89,30966.3,4160.14,1,20190826,127.6553694,36.0791691
43740,영동군,용서천,narrow,6.61,8644.2,2616.67,1,20190826,127.7290382,36.2242032
43740,영동군,용암천,narrow,4.88,4924.94,2017.5,1,20190826,127.8612955,36.2545356
43740,영동군,우매천,narrow,5.82,5062.91,1738.64,1,,127.9059811,36.2594968
43740,영동군,웅북천,narrow,5.3,5198.75,1963.39,1,20190826,128.0274475,36.2576996
43740,영동군,원금계천,narrow,4.17,2784.55,1336.04,1,20190826,127.8660708,36.2702494
43740,영동군,원난곡천,medium,14.82,29779.5,4019.59,1,20190826,127.9438235,36.2468385
43740,영동군,원당천,narrow,6.83,3718.94,1088.3,1,20190826,127.807357,36.0363979
43740,영동군,원촌천,narrow,8.48,7478.63,1764.06,1,20190826,127.8895343,36.2372843
43740,영동군,월류봉천,medium,11.55,15563.84,2695.17,1,20240226,127.8989628,36.2234802
43740,영동군,월이천,wide,22.13,42926.48,3879.31,1,,127.6796103,36.2136121
43740,영동군,윗도내천,wide,25.59,104808.49,8191.56,1,20190826,127.7726684,36.2645926
43740,영동군,유곡천,wide,16.54,53768.95,6502.85,1,,127.9189094,36.1355884
43740,영동군,유정천,medium,13.56,43534.16,6420.3,1,20190826,127.785459,36.2568399
43740,영동군,율천,medium,10.92,32739.95,5996.51,1,20190826,127.8018463,36.2522729
43740,영동군,음터골천,narrow,7.74,3882.97,1003.7,1,20190826,127.7970401,36.0954858
43740,영동군,의지골천,narrow,3.51,3148.46,1792.05,1,20190826,127.9280874,36.1914157
43740,영동군,이노천,medium,11.58,14384.89,2484.69,1,20190826,127.8912002,36.1432693
43740,영동군,임계천,wide,21.13,96202.45,9106.03,1,20190826,127.8517185,36.1665899
43740,영동군,임산천,narrow,3.2,3133.95,1957.64,1,20190826,127.9073369,36.1486636
43740,영동군,자계천,wide,19.87,172804.59,17397.57,1,20190826,127.7463927,36.0528698
43740,영동군,작동천,narrow,7.65,8964.1,2344.38,1,20190826,128.0387585,36.2058688
43740,영동군,작점천,narrow,7.76,12760.11,3289.88,1,20190826,128.0481328,36.2079285
43740,영동군,잣밭천,medium,10.54,10173.41,1930.2,1,20190826,127.8456588,36.2520063
43740,영동군,장구목천,medium,10.67,12962.38,2429.99,1,20190826,127.9160843,36.1177804
43740,영동군,장뚱이천,medium,11.02,9905.66,1798.45,1,20190826,128.0414555,36.2052604
43740,영동군,장항천,medium,11.3,17581.21,3112.17,1,20190826,127.8206226,36.2598083
43740,영동군,잿말천,medium,8.67,15173.09,3499.49,1,20190826,127.7336957,36.1983404
43740,영동군,점곡천,medium,11.24,13422.89,2389.12,1,20190826,127.7372574,36.2411829
43740,영동군,점티천,narrow,7.46,7409.85,1986.75,1,20190826,127.8686297,36.1988979
43740,영동군,정동골천,medium,9.81,21911.65,4467.07,1,20190826,127.9174719,36.1786279
43740,영동군,조동천,narrow,4.85,3352.33,1381.12,1,20190826,127.8148863,36.0471829
43740,영동군,죽산천,wide,18.05,62220.77,6893.96,1,20190826,127.6871505,36.1524205
43740,영동군,죽전천,narrow,4.75,6920.6,2911.24,1,20190826,128.0249231,36.2250491
43740,영동군,중심이천,medium,10.64,27881.17,5238.67,1,20190826,127.6624792,36.1692364
43740,영동군,지땡천,medium,13.08,20372.75,3115.52,1,,127.8351778,36.2615044
43740,영동군,지력골천,medium,13.19,22936.63,3476.71,1,20190826,127.6247457,36.1567761
43740,영동군,지봉천,narrow,6.69,8521.11,2548.27,1,20190826,128.0022686,36.2228763
43740,영동군,진상골천,narrow,5.62,4581.53,1630.15,1,20190826,127.7119971,36.040375
43740,영동군,질재골천,medium,9.29,10829.75,2332.19,2,20190826,127.8243232,36.149579
43740,영동군,집골천,narrow,6.63,3373.75,1017.9,1,20190826,127.7331087,36.1273215
43740,영동군,집대골천,medium,9.0,7600.95,1689.92,1,20190826,127.7993704,36.2484486
43740,영동군,차곡천,narrow,6.0,8396.69,2797.62,1,20190826,127.6873107,36.228414
43740,영동군,창골천,narrow,8.28,12042.87,2908.0,1,20190826,127.764323,36.0335603
43740,영동군,천작천,medium,12.68,16107.26,2539.73,1,20190826,127.8070088,36.2706913
43740,영동군,철교천,medium,10.85,12786.12,2355.92,1,20190826,127.7415735,36.1932011
43740,영동군,청화천,wide,19.3,124794.07,12931.51,1,20190826,127.8433433,36.2795553
43740,영동군,추곡천,narrow,5.48,5883.01,2145.44,1,20190826,127.9517544,36.2085082
43740,영동군,쾡이천,medium,9.18,17184.94,3742.02,1,20190826,127.7483335,36.2108711
43740,영동군,큰골천,medium,14.67,21714.15,2960.11,1,20190826,127.9391994,36.2411013
43740,영동군,큰쑥골천,medium,9.34,13469.41,2882.98,1,,127.8758263,36.2436574
43740,영동군,탑선천,medium,14.38,50712.13,7052.04,1,20190826,127.8388314,36.2059604
43740,영동군,태곡천,medium,9.28,9445.92,2036.24,1,20190826,127.6647534,36.0717283
43740,영동군,통수골천,medium,12.91,23634.63,3660.96,1,20190826,127.7602015,36.0998601
43740,영동군,폭포골천,medium,10.29,23475.52,4564.44,1,20190826,127.6572796,36.20244
43740,영동군,하가천,wide,20.34,53627.18,5273.85,1,20190826,127.8519616,36.1743527
43740,영동군,하궁촌천,narrow,5.35,3793.5,1418.57,1,20190826,127.9104977,36.1091955
43740,영동군,하도대천,wide,16.53,11765.02,1423.7,1,20190826,127.8861358,36.1331396
43740,영동군,하시천,medium,10.54,30616.41,5809.52,1,20190826,127.7308506,36.0995448
43740,영동군,학촌천,medium,9.53,20293.41,4260.0,1,20190826,127.6790803,36.0910228
43740,영동군,한자천,medium,9.22,17648.74,3828.54,1,20190826,127.9208386,36.1488817
43740,영동군,함박골천,narrow,6.57,4291.0,1306.89,1,20190826,127.7471011,36.1232796
43740,영동군,향교천,narrow,8.31,16405.46,3947.91,1,20190826,127.9239347,36.2304428
43740,영동군,호미실천,narrow,5.89,10560.89,3586.06,1,20190826,127.6877283,36.0892826
43740,영동군,환산천,narrow,4.89,6297.11,2576.14,1,20190826,127.7482246,36.1390779
43740,영동군,황보천,medium,14.37,44167.74,6149.32,1,20190826,127.9679102,36.2271281
43740,영동군,회곡천,medium,11.39,22939.16,4028.37,1,20190826,127.9636877,36.203446
43740,영동군,회동천,medium,9.37,9431.06,2013.89,1,20190826,127.8057439,36.1738138
43740,영동군,후구정천,narrow,6.61,9827.83,2975.51,1,20190826,127.7244319,36.187977
43740,영동군,후리천,narrow,5.27,8115.34,3078.32,1,20190826,127.9923989,36.2208321
43740,영동군,희곡천,narrow,2.51,1219.54,973.31,1,20190826,127.7310453,36.2078849
43770,음성군,가라골천,medium,11.01,10598.08,1924.48,1,20190705,127.5734287,36.8854341
43770,음성군,가산이천,narrow,7.39,7892.76,2135.11,1,20190705,127.4792972,37.01745
43770,음성군,가산천,narrow,7.51,9862.36,2624.77,1,20190705,127.6446682,36.8703868
43770,음성군,가정천,medium,10.99,10508.19,1912.15,1,20190705,127.5965373,37.0092825
43770,음성군,각구실천,medium,13.08,15953.59,2439.87,1,20190705,127.5791776,37.0063773
43770,음성군,감곡새터천,medium,10.18,12939.96,2541.36,1,20190705,127.6993552,37.113861
43770,음성군,감우천,wide,18.12,56510.19,6237.61,1,20190705,127.6376823,36.9619838
43770,음성군,감자물골천,medium,15.69,19451.31,2479.07,1,20221021,127.5556807,36.9455221
43770,음성군,갑산천,wide,26.13,88788.92,6795.84,1,20190705,127.7629888,36.900118
43770,음성군,강구천,wide,26.82,98940.73,7377.01,1,20190705,127.5391516,36.9950559
43770,음성군,강당천,medium,12.17,24716.98,4061.76,1,20190705,127.6872823,36.8922956
43770,음성군,건지붕천,medium,8.63,7405.81,1716.83,1,20190705,127.6710356,36.9557094
43770,음성군,공산정천,wide,15.91,47247.52,5941.11,1,20190705,127.636919,37.0765185
43770,음성군,구계천,wide,17.19,13259.9,1543.02,1,20190705,127.5422384,37.0210607
43770,음성군,구남동골천,narrow,7.54,7206.85,1911.94,1,20190705,127.475894,37.0438297
43770,음성군,구레골천,medium,10.46,11386.73,2176.7,2,20190705,127.6355547,36.9243432
43770,음성군,구성천,medium,12.24,9543.85,1559.71,1,20190705,127.6771836,36.899208
43770,음성군,구용천,medium,14.39,26617.16,3700.42,1,20190705,127.4572448,36.9918549
43770,음성군,굴메기천,medium,12.29,11419.0,1859.0,1,20190705,127.5602308,36.9898686
43770,음성군,굴안천,narrow,7.2,4376.24,1215.34,1,20190705,127.7065352,36.8881111
43770,음성군,궁장천,medium,14.72,43455.13,5904.3,1,20190705,127.6641669,37.1115317
43770,음성군,금고천,wide,16.72,32500.11,3887.58,1,20190705,127.7415641,36.9192182
43770,음성군,금장천,narrow,5.62,4808.21,1711.94,1,20190705,127.7540792,36.9129904
43770,음성군,기령천,medium,10.85,6638.07,1223.33,1,20220519,127.6215883,36.9996574
43770,음성군,난이골천,medium,9.26,15025.79,3246.12,1,20190705,127.6188431,37.021744
43770,음성군,남천천,narrow,6.7,6535.05,1949.56,2,20190705,127.6594924,36.9462364
43770,음성군,내곡천,medium,14.22,15832.38,2226.41,1,20190705,127.5452348,37.0118841
43770,음성군,냇거름천,wide,25.19,78149.75,6203.72,1,20190705,127.5129349,37.0091954
43770,음성군,능골천,medium,8.91,9061.52,2033.11,1,20190705,127.6448608,36.9116165
43770,음성군,능말천,medium,14.1,24365.32,3457.05,1,20190705,127.632729,36.9982296
43770,음성군,다부내천,medium,11.07,5784.9,1045.31,1,20190705,127.5865079,36.9615768
43770,음성군,당곡천,wide,26.67,44545.96,3340.81,1,20190705,127.6836254,36.9081538
43770,음성군,대곡천,wide,17.5,39443.25,4506.71,2,20190705,127.6604862,37.137824
43770,음성군,대야천,medium,15.38,24662.44,3206.78,1,20190705,127.5028715,37.0361518
43770,음성군,댁별천,medium,9.18,15682.06,3416.79,1,20190705,127.759937,36.9098057
43770,음성군,덕동천,medium,14.26,16884.42,2368.05,1,20190705,127.5765319,37.002742
43770,음성군,덕솔천,medium,9.48,6627.89,1398.29,1,20190705,127.5929426,36.9158672
43770,음성군,덕정천,wide,20.24,100485.85,9929.43,1,20190705,127.6178483,36.889738
43770,음성군,도란천,wide,17.8,29845.08,3352.76,2,20190705,127.5489338,37.0428958
43770,음성군,도랑말천,medium,10.42,7854.88,1506.97,1,20190705,127.6499867,36.9432644
43770,음성군,도치천,medium,8.71,6875.06,1577.82,1,20190705,127.4926329,37.0373734
43770,음성군,독정이천,medium,10.21,11579.45,2268.67,1,20190705,127.6625578,37.0619871
43770,음성군,돌담거리천,narrow,8.4,5371.18,1278.94,1,20190705,127.7102318,36.884517
43770,음성군,돌매래미앞도랑천,narrow,7.82,6270.4,1603.06,1,20190705,127.6833762,37.1225446
43770,음성군,돌매래미천,medium,10.92,13272.27,2431.09,1,20190705,127.6745221,37.1276646
43770,음성군,돌모루천,wide,53.08,77788.36,2930.8,1,20190705,127.607941,36.9846891
43770,음성군,동리천,narrow,3.99,2452.95,1230.97,1,20190705,127.4892649,37.0393638
43770,음성군,동산천,narrow,5.26,3265.97,1241.13,1,20190705,127.5629169,36.9677383
43770,음성군,동음천,medium,13.55,31385.33,4631.9,1,20190705,127.6052143,36.9326171
43770,음성군,되자리천,medium,11.37,9453.62,1662.87,1,20190705,127.5647884,36.9854315
43770,음성군,두들기천,medium,10.63,10163.89,1913.05,1,20190705,127.6033811,37.0491241
43770,음성군,뒤뜰천,medium,15.24,25821.45,3387.62,1,20190705,127.6898205,36.9520441
43770,음성군,때째천,wide,23.11,34711.11,3003.81,1,20190705,127.5985075,36.9540994
43770,음성군,마날미천,medium,11.25,9791.6,1740.78,1,20190705,127.5654695,37.0305777
43770,음성군,마산천,wide,18.45,44339.01,4805.59,1,20190705,127.5615846,36.9330505
43770,음성군,말마리천,medium,13.16,12714.01,1932.34,1,20190705,127.5909513,37.0452225
43770,음성군,매곡천,narrow,6.33,3460.34,1093.41,1,20190705,127.6191153,36.872031
43770,음성군,매산천,narrow,7.2,4776.94,1326.56,1,20190705,127.5438058,36.9377008
43770,음성군,맹골천,narrow,7.64,5767.79,1509.79,1,20190705,127.6095677,36.8672455
43770,음성군,모래내천,medium,10.43,25714.03,4928.77,2,20250821,127.4886076,37.0356942
43770,음성군,목골천,narrow,6.71,11747.5,3504.1,1,20220713,127.687181,36.9454398
43770,음성군,무수리천,medium,13.11,22477.74,3428.34,1,20190705,127.6709267,36.9814483
43770,음성군,무수천,wide,19.97,79481.15,7960.37,2,20190705,127.5881067,37.0211517
43770,음성군,무술천,medium,10.88,10929.39,2008.24,1,20190705,127.5749839,37.020425
43770,음성군,무장골천,wide,16.42,22967.09,2797.15,1,20190705,127.5932333,37.0523511
43770,음성군,문등천,wide,16.41,6108.34,744.35,2,20190705,127.797418,36.9054657
43770,음성군,문안천,medium,12.35,20143.03,3262.95,1,20190705,127.5824799,36.960499
43770,음성군,문앞골천,medium,10.48,7164.62,1367.45,1,20190705,127.572532,36.9706052
43770,음성군,문특골천,medium,11.5,7788.55,1354.45,1,20190705,127.4624418,37.0085383
43770,음성군,바드실천,narrow,8.05,12934.55,3213.37,1,20250821,127.6065095,36.9985059
43770,음성군,바람골천,narrow,5.64,5394.59,1913.44,1,20190705,127.7565384,36.9014239
43770,음성군,밤나무골천,medium,8.57,6655.79,1553.67,1,20190705,127.6558737,36.9150778
43770,음성군,방금이천,wide,22.22,94674.1,8521.18,1,20190705,127.4689955,36.9979686
43770,음성군,방죽안천,medium,9.76,12278.79,2517.25,1,20190705,127.7014858,36.9502466
43770,음성군,방축천,wide,21.58,41024.31,3801.41,1,20190705,127.6091487,37.0637101
43770,음성군,방태천,medium,10.36,18172.62,3509.26,1,20190705,127.6433469,37.1463417
43770,음성군,배내미천,medium,12.93,11528.36,1783.86,1,20190705,127.5698945,37.0365387
43770,음성군,배랭이골천,medium,11.72,10474.4,1787.11,1,20190705,127.703263,36.9521174
43770,음성군,버들개천,medium,15.12,20029.92,2648.59,1,20190705,127.546197,36.9673323
43770,음성군,버들천,medium,13.02,18206.59,2796.6,1,20190705,127.7367394,36.9447558
43770,음성군,버름천,wide,16.97,22856.62,2694.27,1,20190705,127.4622467,36.9951084
43770,음성군,벌말천,narrow,6.44,4995.37,1550.93,1,20190705,127.4696402,37.0390502
43770,음성군,범골도랑천,narrow,7.9,11729.2,2970.3,1,20190705,127.6560925,36.8714259
43770,음성군,범말천,medium,9.75,9770.97,2003.52,1,20190705,127.6238044,36.846197
43770,음성군,범무실천,narrow,7.11,7241.9,2037.04,1,20190705,127.7636311,36.8913233
43770,음성군,복형개울천,medium,11.36,8375.03,1475.08,1,,127.6764166,37.1253735
43770,음성군,복형천,wide,27.5,52843.75,3842.65,1,20190705,127.6897889,37.1179911
43770,음성군,부윤천,wide,27.77,132978.01,9575.39,1,20200528,127.5235091,36.9529123
43770,음성군,분데골천,wide,16.77,12323.62,1469.53,1,20190705,127.6517343,36.918409
43770,음성군,비선거리천,wide,29.02,124966.02,8612.54,1,20190705,127.5769883,36.9999028
43770,음성군,사깽이골천,medium,13.18,12118.35,1839.14,1,20190705,127.5470363,36.9531599
43770,음성군,사당골천,medium,9.19,7542.82,1640.93,1,20190705,127.4600043,37.0097439
43770,음성군,사정천,wide,17.34,49891.8,5755.79,2,20190705,127.6500951,36.9675563
43770,음성군,산막골천,wide,16.76,24801.88,2960.49,1,20190705,127.5484074,37.0383676
43770,음성군,살구나무쟁이천,medium,15.31,35588.08,4648.85,1,20190705,127.6465409,37.0919541
43770,음성군,삼생천,wide,25.36,143374.95,11306.52,1,20190705,127.6189914,36.9131895
43770,음성군,삼선천,wide,18.78,19875.29,2116.74,1,20250630,127.5554835,36.9601571
43770,음성군,삼성용대천,wide,19.03,35989.99,3782.33,1,20190705,127.5245485,37.0500042
43770,음성군,삼성이골천,medium,14.54,15109.7,2078.52,1,20190705,127.5561947,36.9722339
43770,음성군,삼성큰말천,medium,14.23,31900.15,4482.23,1,20190705,127.4778422,37.0379254
43770,음성군,삼용천,narrow,7.77,13263.98,3413.35,1,20190705,127.6190989,36.8933025
43770,음성군,삼정천,medium,11.45,10928.58,1908.36,1,20190705,127.5042162,36.9534418
43770,음성군,상노천,narrow,7.02,4543.96,1294.01,1,20190705,127.6815936,36.8953369
43770,음성군,상당천,wide,23.25,61546.47,5294.33,1,20190705,127.6827768,36.9003822
43770,음성군,상우리천,medium,14.65,34981.0,4774.44,1,20190705,127.6702359,37.1238377
43770,음성군,새누이천,wide,17.09,19845.58,2322.81,1,20190705,127.5117436,36.9817601
43770,음성군,새말천,medium,9.24,9201.08,1990.55,1,20190705,127.7244703,36.9308178
43770,음성군,새목이천,medium,9.55,13105.08,2744.87,2,20190705,127.7174201,37.1128379
43770,음성군,새보들천,medium,15.69,10319.74,1315.52,1,20190705,127.4609374,36.9552885
43770,음성군,새천이천,medium,12.0,10447.74,1741.24,1,20190705,127.6186,37.035984
43770,음성군,새터천,medium,11.37,17804.1,3133.12,1,20190705,127.6711538,36.9596208
43770,음성군,샘터천,medium,14.32,19370.69,2705.15,1,20190705,127.6738589,36.8761507
43770,음성군,생골천,narrow,8.11,14808.81,3651.87,2,20190705,127.672204,36.9368136
43770,음성군,서낭당천,medium,13.76,9672.91,1405.79,1,20190705,127.5985372,36.9806228
43770,음성군,서당구례천,medium,12.39,11941.96,1928.23,1,20190705,127.5639383,36.9753617
43770,음성군,서원말천,wide,16.85,33447.57,3971.07,1,20190705,127.4778034,37.0150679
43770,음성군,선골천,narrow,7.67,9309.18,2426.64,1,20190705,127.6158906,37.0689314
43770,음성군,성뜰천,medium,12.34,17392.14,2817.93,1,20190705,127.6352412,37.0666891
43770,음성군,성미천,medium,11.71,8187.12,1398.07,1,20190705,127.4768975,37.0000242
43770,음성군,성황당천,medium,14.75,14475.2,1962.84,1,20190705,127.6052127,37.041925
43770,음성군,소석천,wide,21.85,94080.76,8612.59,1,20190705,127.5076591,36.9505808
43770,음성군,소이뒤뜰천,wide,15.84,22913.13,2892.79,1,20190705,127.7747081,36.8963821
43770,음성군,소천곡천,medium,11.85,23293.77,3932.64,1,20190705,127.4917524,36.9853144
43770,음성군,소탄천,medium,9.34,6699.03,1434.13,1,20190705,127.5292307,36.9651585
43770,음성군,솔태골천,medium,10.41,9893.79,1901.32,1,20260109,127.5660172,36.8948891
43770,음성군,송곡도랑천,medium,9.84,12411.0,2523.43,1,20190705,127.628242,36.8547529
43770,음성군,송림천,medium,15.55,40251.97,5177.36,1,20190705,127.5887858,37.0623215
43770,음성군,수정천,medium,11.76,8512.18,1447.61,1,20190705,127.7144589,36.9421613
43770,음성군,숫고개천,medium,9.7,10427.51,2150.86,1,20190705,127.6781925,36.9696151
43770,음성군,아래두리실천,wide,17.08,44418.76,5200.69,1,20190705,127.5251027,37.0280323
43770,음성군,아랫사장천,medium,14.73,16772.29,2277.25,1,20190705,127.6799572,37.1027326
43770,음성군,아홉살이천,medium,10.88,10240.7,1882.48,1,20190705,127.5944339,37.0348869
43770,음성군,안감우제천,medium,9.22,6701.03,1453.78,1,20190705,127.6457339,36.9581485
43770,음성군,안다리골천,medium,13.72,15066.06,2196.5,1,20190705,127.6816842,37.061324
43770,음성군,안말천,narrow,8.05,5057.39,1257.03,1,20190705,127.6319696,36.9743974
43770,음성군,안섬이천,medium,10.19,21213.75,4165.57,1,20190705,127.5975636,36.9156768
43770,음성군,안터천,medium,12.97,15713.73,2422.29,1,20190705,127.6375403,37.0174745
43770,음성군,야곡천,medium,13.73,9570.54,1394.41,1,20190705,127.6004867,37.0679096
43770,음성군,양곡천,medium,11.64,7771.96,1335.67,1,20190705,127.4778674,37.0309665
43770,음성군,양촌천,wide,20.32,79510.25,7826.7,1,20190705,127.5729569,36.9345986
43770,음성군,오근리도당천,wide,22.18,58673.02,5290.77,1,20230206,127.6485698,37.099636
43770,음성군,오돌천,wide,17.39,21213.4,2440.15,1,20190705,127.7494147,36.9467461
43770,음성군,오리골천,narrow,6.18,7460.36,2413.55,1,20190705,127.7220321,36.9211351
43770,음성군,오미도랑천,medium,13.0,21543.23,3313.07,1,20190705,127.6658308,36.8840981
43770,음성군,오산골천,medium,11.19,9343.69,1670.58,1,20190705,127.5911436,37.0465866
43770,음성군,오신천,wide,29.28,217449.37,14851.61,1,20190705,127.6325986,37.0159927
43770,음성군,외생천,medium,10.21,8634.1,1690.74,1,20190705,127.4973158,36.9731921
43770,음성군,용대천,medium,12.63,9150.38,1449.56,1,20190705,127.6477181,36.9702081
43770,음성군,용두천,wide,39.47,158320.18,8021.83,1,20190705,127.5473339,36.9193083
43770,음성군,원남새터천,medium,10.21,5570.42,1091.6,1,20190705,127.6577825,36.8817165
43770,음성군,원칭이천,narrow,6.56,4736.43,1443.03,1,20190705,127.730451,36.9292516
43770,음성군,월구리천,narrow,6.55,5016.72,1532.53,1,20190705,127.6675082,37.1264114
43770,음성군,월창천,wide,15.98,19670.52,2462.21,1,20190705,127.6233472,36.9360377
43770,음성군,윗두리실천,medium,12.78,11166.7,1747.08,1,20190705,127.5188158,37.0257426
43770,음성군,윗사장천,wide,17.96,57376.42,6389.64,1,20250821,127.68219,37.106342
43770,음성군,음촌천,medium,11.99,17803.23,2969.75,1,20190705,127.5793045,37.059406
43770,음성군,인본천,wide,17.33,19678.92,2270.67,1,20250630,127.5562477,36.9206077
43770,음성군,인봉천,medium,12.51,16445.79,2628.94,1,20190705,127.5593154,36.9377532
43770,음성군,자작이천,medium,13.32,9289.04,1395.15,1,20190705,127.6653108,37.0562285
43770,음성군,장구실천,medium,12.15,9934.63,1635.34,1,20190705,127.7719416,36.9157178
43770,음성군,절골천,wide,17.38,28429.49,3271.41,1,20190705,127.5733345,36.9726553
43770,음성군,정짓말천,narrow,7.09,5159.05,1455.0,1,20250821,127.602838,37.0001798
43770,음성군,주봉천,medium,8.74,2296.78,525.83,1,20190705,127.6762764,36.859576
43770,음성군,주주골천,medium,10.33,11683.55,2261.13,1,20190705,127.6779093,36.923975
43770,음성군,주천천,wide,31.23,220562.83,14124.63,2,20190705,127.6447259,37.0635912
43770,음성군,중동천,wide,16.44,38558.61,4691.2,1,20190705,127.7754678,36.8995291
43770,음성군,중방천,medium,8.63,9249.81,2143.21,1,20220930,127.462583,36.9717208
43770,음성군,중천,narrow,5.45,8991.78,3297.87,1,20190705,127.672903,36.9245441
43770,음성군,짐실천,narrow,7.83,8540.35,2181.74,1,20190705,127.6068519,36.8995754
43770,음성군,차평천,wide,30.74,168237.34,10945.63,2,20190705,127.6421941,37.0461132
43770,음성군,찬샘골천,medium,9.02,16138.16,3580.08,1,20190705,127.5355934,36.9237839
43770,음성군,창원천,narrow,5.47,3853.8,1408.69,1,20190705,127.7074226,36.949588
43770,음성군,천뱅이천,wide,18.83,54418.72,5778.94,1,20190705,127.5226775,37.0010421
43770,음성군,초천천,wide,16.88,58397.37,6917.18,1,20190705,127.6312983,36.9233648
43770,음성군,충도천,wide,21.13,106665.88,10097.59,2,20190705,127.7289114,36.8920488
43770,음성군,큰골천,medium,12.66,9905.12,1565.18,1,20190705,127.7609643,36.9329612
43770,음성군,큰말천,medium,8.56,8233.24,1923.2,1,20190705,127.647396,36.9404779
43770,음성군,큰죽골천,medium,13.62,13832.59,2031.94,1,20190705,127.4631639,36.9595288
43770,음성군,탑골천,medium,10.47,6513.14,1243.78,1,20190705,127.7529648,36.8869471
43770,음성군,토계올천,medium,11.87,11068.54,1864.25,1,20190705,127.711652,36.9205656
43770,음성군,토끼실천,wide,17.17,20851.79,2428.62,1,20190705,127.5958529,37.0413363
43770,음성군,톡실천,medium,14.41,45366.97,6294.66,1,20190705,127.6678346,37.0992516
43770,음성군,통동천,medium,8.62,7174.79,1664.32,1,20190705,127.6504715,37.0128231
43770,음성군,팔터골천,narrow,7.27,4424.65,1216.69,1,20190705,127.6445125,36.8913545
43770,음성군,푼내천,narrow,6.75,4482.1,1327.5,1,20190705,127.638998,36.9130812
43770,음성군,품실천,medium,10.11,12381.16,2448.73,1,20190705,127.5802364,37.0621305
43770,음성군,하동천,medium,9.14,6502.58,1422.23,1,20190705,127.7139167,36.9486145
43770,음성군,하로천,medium,10.35,7592.37,1466.79,1,20190705,127.7017748,36.9070958
43770,음성군,하생천,medium,12.88,19920.02,3092.9,1,20190705,127.6342016,37.0276264
43770,음성군,하촌천,wide,16.8,18050.09,2149.36,1,20190705,127.6970692,36.9072267
43770,음성군,하태천,medium,11.65,10518.34,1805.02,1,20190705,127.5099808,36.9403907
43770,음성군,한테골천,wide,15.81,41253.35,5218.67,1,20190705,127.6006208,36.9264481
43770,음성군,행군이도랑천,medium,12.68,12719.68,2006.9,1,20190705,127.635633,37.1092242
43770,음성군,황새붕터천,medium,11.65,12689.78,2178.27,1,20190705,127.5036466,36.9593561
43770,음성군,후미천,wide,19.17,68593.73,7154.67,1,20240405,127.7648855,36.9241213
43770,음성군,흰돌천,narrow,6.54,3697.47,1130.25,1,20190705,127.7101556,36.9488279
43800,단양군,당동천,narrow,6.24,6939.47,2223.55,1,20221223,128.3688335,36.9222812
